==================== 2026-06-16T10:34:16.605121Z | 019ecfff-0298-7672-bf54-a0a66dc8c8ae ====================
10:34:16.605304 [info ]: dbt-core 2.0.0-alpha.1
10:34:16.605662 [info ]: Started loading project
10:34:16.607411 [info ]: Loading profiles.yml
10:34:16.608447 [info ]: Finished loading project [  0.00s]
10:34:16.608529 [error]: [InvalidConfig (dbt1005)]: The 'postgres' adapter is not yet supported by dbt Fusion. Supported adapters: snowflake, bigquery, databricks, redshift
10:34:16.920697 [info ]: 
==================== Execution Summary =====================
Finished 'run' with 1 error [315ms]
==================== 2026-06-16T10:39:19.723211Z | 019ed003-a2a7-76b3-aec4-2fa361676947 ====================
10:39:19.723409 [info ]: dbt-core 2.0.0-alpha.1
10:39:19.723817 [info ]: Started loading project
10:39:19.727754 [info ]: Loading profiles.yml
10:39:19.728744 [info ]: Finished loading project [  0.00s]
10:39:19.728863 [error]: [InvalidConfig (dbt1005)]: The 'postgres' adapter is not yet supported by dbt Fusion. Supported adapters: snowflake, bigquery, databricks, redshift
10:39:19.899750 [info ]: 
==================== Execution Summary =====================
Finished 'run' with 1 error [176ms]
==================== 2026-06-16T10:44:22.010746Z | 019ed008-3f76-7641-ac18-7668dd8cf16a ====================
10:44:22.010970 [info ]: dbt-core 2.0.0-alpha.1
10:44:22.011710 [info ]: Started loading project
10:44:22.014726 [info ]: Loading profiles.yml
10:44:22.015630 [info ]: Finished loading project [  0.00s]
10:44:22.015741 [error]: [InvalidConfig (dbt1005)]: The 'postgres' adapter is not yet supported by dbt Fusion. Supported adapters: snowflake, bigquery, databricks, redshift
10:44:25.325995 [info ]: 
==================== Execution Summary =====================
Finished 'run' with 1 error [3.3s]
==================== 2026-06-16T10:44:42.217773Z | 019ed008-8e65-74e3-be16-6dc20678e6f2 ====================
10:44:42.218113 [info ]: dbt-core 2.0.0-alpha.1
10:44:42.218548 [info ]: Started loading project
10:44:42.220440 [info ]: Loading profiles.yml
10:44:42.221320 [info ]: Finished loading project [  0.00s]
10:44:42.221452 [error]: [InvalidConfig (dbt1005)]: The 'postgres' adapter is not yet supported by dbt Fusion. Supported adapters: snowflake, bigquery, databricks, redshift
10:44:42.336088 [info ]: 
==================== Execution Summary =====================
Finished 'run' with 1 error [118ms]
==================== 2026-06-16T10:49:44.988028Z | 019ed00d-2d18-75f0-b8a1-08678ba96ee7 ====================
10:49:44.988191 [info ]: dbt-core 2.0.0-alpha.1
10:49:44.988530 [info ]: Started loading project
10:49:44.990480 [info ]: Loading profiles.yml
10:49:44.991211 [info ]: Finished loading project [  0.00s]
10:49:44.991351 [error]: [InvalidConfig (dbt1005)]: The 'postgres' adapter is not yet supported by dbt Fusion. Supported adapters: snowflake, bigquery, databricks, redshift
10:49:45.149741 [info ]: 
==================== Execution Summary =====================
Finished 'run' with 1 error [161ms]
==================== 2026-06-16T10:54:47.126865Z | 019ed011-c952-7d90-8913-4fce775ddde4 ====================
10:54:47.127171 [info ]: dbt-core 2.0.0-alpha.1
10:54:47.127841 [info ]: Started loading project
10:54:47.129708 [info ]: Loading profiles.yml
10:54:47.130482 [info ]: Finished loading project [  0.00s]
10:54:47.130610 [error]: [InvalidConfig (dbt1005)]: The 'postgres' adapter is not yet supported by dbt Fusion. Supported adapters: snowflake, bigquery, databricks, redshift
10:54:47.291627 [info ]: 
==================== Execution Summary =====================
Finished 'run' with 1 error [164ms]
==================== 2026-06-16T10:56:01.800570Z | 019ed012-ed04-7eb2-8b86-cd89287b7a5c ====================
10:56:01.800816 [info ]: dbt-core 2.0.0-alpha.1
10:56:01.801604 [info ]: Started loading project
10:56:01.803828 [info ]: Loading profiles.yml
10:56:01.805334 [info ]: Finished loading project [  0.00s]
10:56:01.805488 [error]: [InvalidConfig (dbt1005)]: The 'postgres' adapter is not yet supported by dbt Fusion. Supported adapters: snowflake, bigquery, databricks, redshift
10:56:01.957407 [info ]: 
==================== Execution Summary =====================
Finished 'run' with 1 error [156ms]
[0m10:56:55.356713 [debug] [MainThread]: Sending event: {'category': 'dbt', 'action': 'invocation', 'label': 'start', 'context': [<snowplow_tracker.self_describing_json.SelfDescribingJson object at 0xffff89c41090>, <snowplow_tracker.self_describing_json.SelfDescribingJson object at 0xffff89e3a1d0>, <snowplow_tracker.self_describing_json.SelfDescribingJson object at 0xffff89f03f90>]}


============================== 10:56:55.363611 | 8248c94b-f5b0-4bca-a928-6932e2834b3c ==============================
[0m10:56:55.363611 [info ] [MainThread]: Running with dbt=1.8.7
[0m10:56:55.364298 [debug] [MainThread]: running dbt with arguments {'printer_width': '80', 'indirect_selection': 'eager', 'log_cache_events': 'False', 'write_json': 'True', 'partial_parse': 'True', 'cache_selected_only': 'False', 'profiles_dir': '.', 'debug': 'False', 'warn_error': 'None', 'log_path': '/opt/airflow/dbt_project/logs', 'fail_fast': 'False', 'version_check': 'True', 'use_colors': 'True', 'use_experimental_parser': 'False', 'no_print': 'None', 'quiet': 'False', 'empty': 'False', 'log_format': 'default', 'invocation_command': 'dbt run --profiles-dir .', 'introspect': 'True', 'static_parser': 'True', 'target_path': 'None', 'warn_error_options': 'WarnErrorOptions(include=[], exclude=[])', 'send_anonymous_usage_stats': 'True'}
[0m10:56:55.496528 [debug] [MainThread]: Sending event: {'category': 'dbt', 'action': 'project_id', 'label': '8248c94b-f5b0-4bca-a928-6932e2834b3c', 'context': [<snowplow_tracker.self_describing_json.SelfDescribingJson object at 0xffff89c84bd0>]}
[0m10:56:55.533598 [debug] [MainThread]: Sending event: {'category': 'dbt', 'action': 'adapter_info', 'label': '8248c94b-f5b0-4bca-a928-6932e2834b3c', 'context': [<snowplow_tracker.self_describing_json.SelfDescribingJson object at 0xffff8bb8f7d0>]}
[0m10:56:55.534345 [info ] [MainThread]: Registered adapter: postgres=1.8.2
[0m10:56:55.586175 [debug] [MainThread]: checksum: 4af21dafb485259c48497ac86b711ddb1982f3d0f1c0ca4e09356de488b753c0, vars: {}, profile: , target: , version: 1.8.7
[0m10:56:55.587084 [info ] [MainThread]: Unable to do partial parsing because saved manifest not found. Starting full parse.
[0m10:56:55.587633 [debug] [MainThread]: Sending event: {'category': 'dbt', 'action': 'partial_parser', 'label': '8248c94b-f5b0-4bca-a928-6932e2834b3c', 'context': [<snowplow_tracker.self_describing_json.SelfDescribingJson object at 0xffff89eafbd0>]}
[0m10:56:56.201421 [debug] [MainThread]: Sending event: {'category': 'dbt', 'action': 'load_project', 'label': '8248c94b-f5b0-4bca-a928-6932e2834b3c', 'context': [<snowplow_tracker.self_describing_json.SelfDescribingJson object at 0xffff88d50050>]}
[0m10:56:56.325747 [debug] [MainThread]: Sending event: {'category': 'dbt', 'action': 'resource_counts', 'label': '8248c94b-f5b0-4bca-a928-6932e2834b3c', 'context': [<snowplow_tracker.self_describing_json.SelfDescribingJson object at 0xffff89c41d50>]}
[0m10:56:56.326511 [info ] [MainThread]: Found 4 models, 428 macros
[0m10:56:56.327105 [debug] [MainThread]: Sending event: {'category': 'dbt', 'action': 'runnable_timing', 'label': '8248c94b-f5b0-4bca-a928-6932e2834b3c', 'context': [<snowplow_tracker.self_describing_json.SelfDescribingJson object at 0xffff8a1e1c50>]}
[0m10:56:56.329222 [info ] [MainThread]: 
[0m10:56:56.330056 [debug] [MainThread]: Acquiring new postgres connection 'master'
[0m10:56:56.333990 [debug] [ThreadPool]: Acquiring new postgres connection 'list_spotify_db'
[0m10:56:56.380674 [debug] [ThreadPool]: Using postgres connection "list_spotify_db"
[0m10:56:56.381202 [debug] [ThreadPool]: On list_spotify_db: /* {"app": "dbt", "dbt_version": "1.8.7", "profile_name": "spotify", "target_name": "dev", "connection_name": "list_spotify_db"} */

    select distinct nspname from pg_namespace
  
[0m10:56:56.381562 [debug] [ThreadPool]: Opening a new connection, currently in state init
[0m10:56:56.394268 [debug] [ThreadPool]: SQL status: SELECT 6 in 0.013 seconds
[0m10:56:56.395554 [debug] [ThreadPool]: On list_spotify_db: Close
[0m10:56:56.397008 [debug] [ThreadPool]: Re-using an available connection from the pool (formerly list_spotify_db, now list_spotify_db_analytics)
[0m10:56:56.403330 [debug] [ThreadPool]: Using postgres connection "list_spotify_db_analytics"
[0m10:56:56.403730 [debug] [ThreadPool]: On list_spotify_db_analytics: BEGIN
[0m10:56:56.404005 [debug] [ThreadPool]: Opening a new connection, currently in state closed
[0m10:56:56.408829 [debug] [ThreadPool]: SQL status: BEGIN in 0.005 seconds
[0m10:56:56.409244 [debug] [ThreadPool]: Using postgres connection "list_spotify_db_analytics"
[0m10:56:56.409524 [debug] [ThreadPool]: On list_spotify_db_analytics: /* {"app": "dbt", "dbt_version": "1.8.7", "profile_name": "spotify", "target_name": "dev", "connection_name": "list_spotify_db_analytics"} */
select
      'spotify_db' as database,
      tablename as name,
      schemaname as schema,
      'table' as type
    from pg_tables
    where schemaname ilike 'analytics'
    union all
    select
      'spotify_db' as database,
      viewname as name,
      schemaname as schema,
      'view' as type
    from pg_views
    where schemaname ilike 'analytics'
    union all
    select
      'spotify_db' as database,
      matviewname as name,
      schemaname as schema,
      'materialized_view' as type
    from pg_matviews
    where schemaname ilike 'analytics'
  
[0m10:56:56.417727 [debug] [ThreadPool]: SQL status: SELECT 1 in 0.008 seconds
[0m10:56:56.418967 [debug] [ThreadPool]: On list_spotify_db_analytics: ROLLBACK
[0m10:56:56.419389 [debug] [ThreadPool]: On list_spotify_db_analytics: Close
[0m10:56:56.423317 [debug] [MainThread]: Using postgres connection "master"
[0m10:56:56.423721 [debug] [MainThread]: On master: BEGIN
[0m10:56:56.424025 [debug] [MainThread]: Opening a new connection, currently in state init
[0m10:56:56.430638 [debug] [MainThread]: SQL status: BEGIN in 0.007 seconds
[0m10:56:56.430977 [debug] [MainThread]: Using postgres connection "master"
[0m10:56:56.431344 [debug] [MainThread]: On master: /* {"app": "dbt", "dbt_version": "1.8.7", "profile_name": "spotify", "target_name": "dev", "connection_name": "master"} */
with relation as (
        select
            pg_rewrite.ev_class as class,
            pg_rewrite.oid as id
        from pg_rewrite
    ),
    class as (
        select
            oid as id,
            relname as name,
            relnamespace as schema,
            relkind as kind
        from pg_class
    ),
    dependency as (
        select distinct
            pg_depend.objid as id,
            pg_depend.refobjid as ref
        from pg_depend
    ),
    schema as (
        select
            pg_namespace.oid as id,
            pg_namespace.nspname as name
        from pg_namespace
        where nspname != 'information_schema' and nspname not like 'pg\_%'
    ),
    referenced as (
        select
            relation.id AS id,
            referenced_class.name ,
            referenced_class.schema ,
            referenced_class.kind
        from relation
        join class as referenced_class on relation.class=referenced_class.id
        where referenced_class.kind in ('r', 'v', 'm')
    ),
    relationships as (
        select
            referenced.name as referenced_name,
            referenced.schema as referenced_schema_id,
            dependent_class.name as dependent_name,
            dependent_class.schema as dependent_schema_id,
            referenced.kind as kind
        from referenced
        join dependency on referenced.id=dependency.id
        join class as dependent_class on dependency.ref=dependent_class.id
        where
            (referenced.name != dependent_class.name or
             referenced.schema != dependent_class.schema)
    )

    select
        referenced_schema.name as referenced_schema,
        relationships.referenced_name as referenced_name,
        dependent_schema.name as dependent_schema,
        relationships.dependent_name as dependent_name
    from relationships
    join schema as dependent_schema on relationships.dependent_schema_id=dependent_schema.id
    join schema as referenced_schema on relationships.referenced_schema_id=referenced_schema.id
    group by referenced_schema, referenced_name, dependent_schema, dependent_name
    order by referenced_schema, referenced_name, dependent_schema, dependent_name;
[0m10:56:56.449791 [debug] [MainThread]: SQL status: SELECT 0 in 0.018 seconds
[0m10:56:56.451128 [debug] [MainThread]: Sending event: {'category': 'dbt', 'action': 'runnable_timing', 'label': '8248c94b-f5b0-4bca-a928-6932e2834b3c', 'context': [<snowplow_tracker.self_describing_json.SelfDescribingJson object at 0xffff8b5a6dd0>]}
[0m10:56:56.451627 [debug] [MainThread]: On master: ROLLBACK
[0m10:56:56.452038 [debug] [MainThread]: Using postgres connection "master"
[0m10:56:56.452357 [debug] [MainThread]: On master: BEGIN
[0m10:56:56.452949 [debug] [MainThread]: SQL status: BEGIN in 0.000 seconds
[0m10:56:56.453254 [debug] [MainThread]: On master: COMMIT
[0m10:56:56.453559 [debug] [MainThread]: Using postgres connection "master"
[0m10:56:56.453840 [debug] [MainThread]: On master: COMMIT
[0m10:56:56.454221 [debug] [MainThread]: SQL status: COMMIT in 0.000 seconds
[0m10:56:56.454520 [debug] [MainThread]: On master: Close
[0m10:56:56.455039 [info ] [MainThread]: Concurrency: 1 threads (target='dev')
[0m10:56:56.455445 [info ] [MainThread]: 
[0m10:56:56.465497 [debug] [Thread-1 (]: Began running node model.spotify_pipeline.stg_tracks
[0m10:56:56.466274 [info ] [Thread-1 (]: 1 of 4 START sql view model analytics.stg_tracks ............................... [RUN]
[0m10:56:56.467016 [debug] [Thread-1 (]: Re-using an available connection from the pool (formerly list_spotify_db_analytics, now model.spotify_pipeline.stg_tracks)
[0m10:56:56.467419 [debug] [Thread-1 (]: Began compiling node model.spotify_pipeline.stg_tracks
[0m10:56:56.473047 [debug] [Thread-1 (]: Writing injected SQL for node "model.spotify_pipeline.stg_tracks"
[0m10:56:56.476152 [debug] [Thread-1 (]: Began executing node model.spotify_pipeline.stg_tracks
[0m10:56:56.503674 [debug] [Thread-1 (]: Writing runtime sql for node "model.spotify_pipeline.stg_tracks"
[0m10:56:56.505794 [debug] [Thread-1 (]: Using postgres connection "model.spotify_pipeline.stg_tracks"
[0m10:56:56.506194 [debug] [Thread-1 (]: On model.spotify_pipeline.stg_tracks: BEGIN
[0m10:56:56.506509 [debug] [Thread-1 (]: Opening a new connection, currently in state closed
[0m10:56:56.511003 [debug] [Thread-1 (]: SQL status: BEGIN in 0.004 seconds
[0m10:56:56.511352 [debug] [Thread-1 (]: Using postgres connection "model.spotify_pipeline.stg_tracks"
[0m10:56:56.511648 [debug] [Thread-1 (]: On model.spotify_pipeline.stg_tracks: /* {"app": "dbt", "dbt_version": "1.8.7", "profile_name": "spotify", "target_name": "dev", "node_id": "model.spotify_pipeline.stg_tracks"} */

  create view "spotify_db"."analytics"."stg_tracks__dbt_tmp"
    
    
  as (
    SELECT
    track_id,
    TRIM(track_name)                     AS track_name,
    TRIM(artist_name)                    AS artist_name,
    country,
    popularity::INT                      AS popularity,
    ROUND(duration_ms / 1000.0 / 60, 2) AS duration_min,
    fetch_date
FROM staging.raw_tracks
WHERE track_id IS NOT NULL
  );
[0m10:56:56.519252 [debug] [Thread-1 (]: SQL status: CREATE VIEW in 0.007 seconds
[0m10:56:56.524625 [debug] [Thread-1 (]: Using postgres connection "model.spotify_pipeline.stg_tracks"
[0m10:56:56.525035 [debug] [Thread-1 (]: On model.spotify_pipeline.stg_tracks: /* {"app": "dbt", "dbt_version": "1.8.7", "profile_name": "spotify", "target_name": "dev", "node_id": "model.spotify_pipeline.stg_tracks"} */
alter table "spotify_db"."analytics"."stg_tracks__dbt_tmp" rename to "stg_tracks"
[0m10:56:56.525942 [debug] [Thread-1 (]: SQL status: ALTER TABLE in 0.001 seconds
[0m10:56:56.536375 [debug] [Thread-1 (]: On model.spotify_pipeline.stg_tracks: COMMIT
[0m10:56:56.536797 [debug] [Thread-1 (]: Using postgres connection "model.spotify_pipeline.stg_tracks"
[0m10:56:56.537223 [debug] [Thread-1 (]: On model.spotify_pipeline.stg_tracks: COMMIT
[0m10:56:56.538111 [debug] [Thread-1 (]: SQL status: COMMIT in 0.001 seconds
[0m10:56:56.542508 [debug] [Thread-1 (]: Applying DROP to: "spotify_db"."analytics"."stg_tracks__dbt_backup"
[0m10:56:56.546037 [debug] [Thread-1 (]: Using postgres connection "model.spotify_pipeline.stg_tracks"
[0m10:56:56.546378 [debug] [Thread-1 (]: On model.spotify_pipeline.stg_tracks: /* {"app": "dbt", "dbt_version": "1.8.7", "profile_name": "spotify", "target_name": "dev", "node_id": "model.spotify_pipeline.stg_tracks"} */
drop view if exists "spotify_db"."analytics"."stg_tracks__dbt_backup" cascade
[0m10:56:56.547170 [debug] [Thread-1 (]: SQL status: DROP VIEW in 0.000 seconds
[0m10:56:56.549098 [debug] [Thread-1 (]: On model.spotify_pipeline.stg_tracks: Close
[0m10:56:56.550457 [debug] [Thread-1 (]: Sending event: {'category': 'dbt', 'action': 'run_model', 'label': '8248c94b-f5b0-4bca-a928-6932e2834b3c', 'context': [<snowplow_tracker.self_describing_json.SelfDescribingJson object at 0xffff88fe8950>]}
[0m10:56:56.551153 [info ] [Thread-1 (]: 1 of 4 OK created sql view model analytics.stg_tracks .......................... [[32mCREATE VIEW[0m in 0.08s]
[0m10:56:56.551829 [debug] [Thread-1 (]: Finished running node model.spotify_pipeline.stg_tracks
[0m10:56:56.552750 [debug] [Thread-1 (]: Began running node model.spotify_pipeline.mart_artist_momentum
[0m10:56:56.553158 [info ] [Thread-1 (]: 2 of 4 START sql table model analytics.mart_artist_momentum .................... [RUN]
[0m10:56:56.553689 [debug] [Thread-1 (]: Re-using an available connection from the pool (formerly model.spotify_pipeline.stg_tracks, now model.spotify_pipeline.mart_artist_momentum)
[0m10:56:56.554008 [debug] [Thread-1 (]: Began compiling node model.spotify_pipeline.mart_artist_momentum
[0m10:56:56.556448 [debug] [Thread-1 (]: Writing injected SQL for node "model.spotify_pipeline.mart_artist_momentum"
[0m10:56:56.558177 [debug] [Thread-1 (]: Began executing node model.spotify_pipeline.mart_artist_momentum
[0m10:56:56.577361 [debug] [Thread-1 (]: Writing runtime sql for node "model.spotify_pipeline.mart_artist_momentum"
[0m10:56:56.579087 [debug] [Thread-1 (]: Using postgres connection "model.spotify_pipeline.mart_artist_momentum"
[0m10:56:56.579564 [debug] [Thread-1 (]: On model.spotify_pipeline.mart_artist_momentum: BEGIN
[0m10:56:56.580033 [debug] [Thread-1 (]: Opening a new connection, currently in state closed
[0m10:56:56.585397 [debug] [Thread-1 (]: SQL status: BEGIN in 0.005 seconds
[0m10:56:56.585918 [debug] [Thread-1 (]: Using postgres connection "model.spotify_pipeline.mart_artist_momentum"
[0m10:56:56.586346 [debug] [Thread-1 (]: On model.spotify_pipeline.mart_artist_momentum: /* {"app": "dbt", "dbt_version": "1.8.7", "profile_name": "spotify", "target_name": "dev", "node_id": "model.spotify_pipeline.mart_artist_momentum"} */

  
    

  create  table "spotify_db"."analytics"."mart_artist_momentum__dbt_tmp"
  
  
    as
  
  (
    WITH today AS (
    SELECT artist_name, country, ROUND(AVG(popularity), 1) AS pop_today
    FROM "spotify_db"."analytics"."stg_tracks"
    WHERE fetch_date = CURRENT_DATE
    GROUP BY artist_name, country
),
yesterday AS (
    SELECT artist_name, country, ROUND(AVG(popularity), 1) AS pop_yesterday
    FROM "spotify_db"."analytics"."stg_tracks"
    WHERE fetch_date = CURRENT_DATE - INTERVAL '1 day'
    GROUP BY artist_name, country
)
SELECT
    t.country,
    t.artist_name,
    t.pop_today,
    y.pop_yesterday,
    ROUND(t.pop_today - COALESCE(y.pop_yesterday, t.pop_today), 1) AS momentum_score
FROM today t
LEFT JOIN yesterday y ON t.artist_name = y.artist_name AND t.country = y.country
ORDER BY momentum_score DESC
  );
  
[0m10:56:56.595529 [debug] [Thread-1 (]: SQL status: SELECT 197 in 0.009 seconds
[0m10:56:56.598184 [debug] [Thread-1 (]: Using postgres connection "model.spotify_pipeline.mart_artist_momentum"
[0m10:56:56.598616 [debug] [Thread-1 (]: On model.spotify_pipeline.mart_artist_momentum: /* {"app": "dbt", "dbt_version": "1.8.7", "profile_name": "spotify", "target_name": "dev", "node_id": "model.spotify_pipeline.mart_artist_momentum"} */
alter table "spotify_db"."analytics"."mart_artist_momentum__dbt_tmp" rename to "mart_artist_momentum"
[0m10:56:56.599359 [debug] [Thread-1 (]: SQL status: ALTER TABLE in 0.000 seconds
[0m10:56:56.605532 [debug] [Thread-1 (]: On model.spotify_pipeline.mart_artist_momentum: COMMIT
[0m10:56:56.605997 [debug] [Thread-1 (]: Using postgres connection "model.spotify_pipeline.mart_artist_momentum"
[0m10:56:56.606304 [debug] [Thread-1 (]: On model.spotify_pipeline.mart_artist_momentum: COMMIT
[0m10:56:56.607163 [debug] [Thread-1 (]: SQL status: COMMIT in 0.001 seconds
[0m10:56:56.609426 [debug] [Thread-1 (]: Applying DROP to: "spotify_db"."analytics"."mart_artist_momentum__dbt_backup"
[0m10:56:56.611695 [debug] [Thread-1 (]: Using postgres connection "model.spotify_pipeline.mart_artist_momentum"
[0m10:56:56.612024 [debug] [Thread-1 (]: On model.spotify_pipeline.mart_artist_momentum: /* {"app": "dbt", "dbt_version": "1.8.7", "profile_name": "spotify", "target_name": "dev", "node_id": "model.spotify_pipeline.mart_artist_momentum"} */
drop table if exists "spotify_db"."analytics"."mart_artist_momentum__dbt_backup" cascade
[0m10:56:56.612494 [debug] [Thread-1 (]: SQL status: DROP TABLE in 0.000 seconds
[0m10:56:56.613542 [debug] [Thread-1 (]: On model.spotify_pipeline.mart_artist_momentum: Close
[0m10:56:56.614253 [debug] [Thread-1 (]: Sending event: {'category': 'dbt', 'action': 'run_model', 'label': '8248c94b-f5b0-4bca-a928-6932e2834b3c', 'context': [<snowplow_tracker.self_describing_json.SelfDescribingJson object at 0xffff7ad63cd0>]}
[0m10:56:56.615020 [info ] [Thread-1 (]: 2 of 4 OK created sql table model analytics.mart_artist_momentum ............... [[32mSELECT 197[0m in 0.06s]
[0m10:56:56.615896 [debug] [Thread-1 (]: Finished running node model.spotify_pipeline.mart_artist_momentum
[0m10:56:56.616639 [debug] [Thread-1 (]: Began running node model.spotify_pipeline.mart_top_artists
[0m10:56:56.617294 [info ] [Thread-1 (]: 3 of 4 START sql table model analytics.mart_top_artists ........................ [RUN]
[0m10:56:56.617920 [debug] [Thread-1 (]: Re-using an available connection from the pool (formerly model.spotify_pipeline.mart_artist_momentum, now model.spotify_pipeline.mart_top_artists)
[0m10:56:56.618380 [debug] [Thread-1 (]: Began compiling node model.spotify_pipeline.mart_top_artists
[0m10:56:56.620540 [debug] [Thread-1 (]: Writing injected SQL for node "model.spotify_pipeline.mart_top_artists"
[0m10:56:56.621555 [debug] [Thread-1 (]: Began executing node model.spotify_pipeline.mart_top_artists
[0m10:56:56.627058 [debug] [Thread-1 (]: Writing runtime sql for node "model.spotify_pipeline.mart_top_artists"
[0m10:56:56.628059 [debug] [Thread-1 (]: Using postgres connection "model.spotify_pipeline.mart_top_artists"
[0m10:56:56.628359 [debug] [Thread-1 (]: On model.spotify_pipeline.mart_top_artists: BEGIN
[0m10:56:56.628693 [debug] [Thread-1 (]: Opening a new connection, currently in state closed
[0m10:56:56.633187 [debug] [Thread-1 (]: SQL status: BEGIN in 0.005 seconds
[0m10:56:56.633542 [debug] [Thread-1 (]: Using postgres connection "model.spotify_pipeline.mart_top_artists"
[0m10:56:56.633947 [debug] [Thread-1 (]: On model.spotify_pipeline.mart_top_artists: /* {"app": "dbt", "dbt_version": "1.8.7", "profile_name": "spotify", "target_name": "dev", "node_id": "model.spotify_pipeline.mart_top_artists"} */

  
    

  create  table "spotify_db"."analytics"."mart_top_artists__dbt_tmp"
  
  
    as
  
  (
    SELECT
    fetch_date,
    country,
    artist_name,
    COUNT(DISTINCT track_id)   AS nb_tracks_in_top50,
    ROUND(AVG(popularity), 1)  AS avg_popularity
FROM "spotify_db"."analytics"."stg_tracks"
GROUP BY fetch_date, country, artist_name
ORDER BY fetch_date DESC, avg_popularity DESC
  );
  
[0m10:56:56.638829 [debug] [Thread-1 (]: SQL status: SELECT 197 in 0.004 seconds
[0m10:56:56.641880 [debug] [Thread-1 (]: Using postgres connection "model.spotify_pipeline.mart_top_artists"
[0m10:56:56.642497 [debug] [Thread-1 (]: On model.spotify_pipeline.mart_top_artists: /* {"app": "dbt", "dbt_version": "1.8.7", "profile_name": "spotify", "target_name": "dev", "node_id": "model.spotify_pipeline.mart_top_artists"} */
alter table "spotify_db"."analytics"."mart_top_artists__dbt_tmp" rename to "mart_top_artists"
[0m10:56:56.643140 [debug] [Thread-1 (]: SQL status: ALTER TABLE in 0.000 seconds
[0m10:56:56.644303 [debug] [Thread-1 (]: On model.spotify_pipeline.mart_top_artists: COMMIT
[0m10:56:56.644628 [debug] [Thread-1 (]: Using postgres connection "model.spotify_pipeline.mart_top_artists"
[0m10:56:56.644887 [debug] [Thread-1 (]: On model.spotify_pipeline.mart_top_artists: COMMIT
[0m10:56:56.649791 [debug] [Thread-1 (]: SQL status: COMMIT in 0.005 seconds
[0m10:56:56.652175 [debug] [Thread-1 (]: Applying DROP to: "spotify_db"."analytics"."mart_top_artists__dbt_backup"
[0m10:56:56.652849 [debug] [Thread-1 (]: Using postgres connection "model.spotify_pipeline.mart_top_artists"
[0m10:56:56.653184 [debug] [Thread-1 (]: On model.spotify_pipeline.mart_top_artists: /* {"app": "dbt", "dbt_version": "1.8.7", "profile_name": "spotify", "target_name": "dev", "node_id": "model.spotify_pipeline.mart_top_artists"} */
drop table if exists "spotify_db"."analytics"."mart_top_artists__dbt_backup" cascade
[0m10:56:56.653662 [debug] [Thread-1 (]: SQL status: DROP TABLE in 0.000 seconds
[0m10:56:56.654561 [debug] [Thread-1 (]: On model.spotify_pipeline.mart_top_artists: Close
[0m10:56:56.655025 [debug] [Thread-1 (]: Sending event: {'category': 'dbt', 'action': 'run_model', 'label': '8248c94b-f5b0-4bca-a928-6932e2834b3c', 'context': [<snowplow_tracker.self_describing_json.SelfDescribingJson object at 0xffff88c9c290>]}
[0m10:56:56.655496 [info ] [Thread-1 (]: 3 of 4 OK created sql table model analytics.mart_top_artists ................... [[32mSELECT 197[0m in 0.04s]
[0m10:56:56.656124 [debug] [Thread-1 (]: Finished running node model.spotify_pipeline.mart_top_artists
[0m10:56:56.656595 [debug] [Thread-1 (]: Began running node model.spotify_pipeline.mart_top_tracks
[0m10:56:56.657052 [info ] [Thread-1 (]: 4 of 4 START sql table model analytics.mart_top_tracks ......................... [RUN]
[0m10:56:56.657647 [debug] [Thread-1 (]: Re-using an available connection from the pool (formerly model.spotify_pipeline.mart_top_artists, now model.spotify_pipeline.mart_top_tracks)
[0m10:56:56.658025 [debug] [Thread-1 (]: Began compiling node model.spotify_pipeline.mart_top_tracks
[0m10:56:56.660184 [debug] [Thread-1 (]: Writing injected SQL for node "model.spotify_pipeline.mart_top_tracks"
[0m10:56:56.661077 [debug] [Thread-1 (]: Began executing node model.spotify_pipeline.mart_top_tracks
[0m10:56:56.665466 [debug] [Thread-1 (]: Writing runtime sql for node "model.spotify_pipeline.mart_top_tracks"
[0m10:56:56.666923 [debug] [Thread-1 (]: Using postgres connection "model.spotify_pipeline.mart_top_tracks"
[0m10:56:56.667230 [debug] [Thread-1 (]: On model.spotify_pipeline.mart_top_tracks: BEGIN
[0m10:56:56.667904 [debug] [Thread-1 (]: Opening a new connection, currently in state closed
[0m10:56:56.672232 [debug] [Thread-1 (]: SQL status: BEGIN in 0.004 seconds
[0m10:56:56.672599 [debug] [Thread-1 (]: Using postgres connection "model.spotify_pipeline.mart_top_tracks"
[0m10:56:56.672903 [debug] [Thread-1 (]: On model.spotify_pipeline.mart_top_tracks: /* {"app": "dbt", "dbt_version": "1.8.7", "profile_name": "spotify", "target_name": "dev", "node_id": "model.spotify_pipeline.mart_top_tracks"} */

  
    

  create  table "spotify_db"."analytics"."mart_top_tracks__dbt_tmp"
  
  
    as
  
  (
    WITH ranked AS (
    SELECT
        fetch_date,
        country,
        track_name,
        artist_name,
        popularity,
        ROW_NUMBER() OVER (PARTITION BY country, fetch_date ORDER BY popularity DESC) AS rank
    FROM "spotify_db"."analytics"."stg_tracks"
)
SELECT *
FROM ranked
WHERE rank <= 10
ORDER BY fetch_date DESC, country, rank
  );
  
[0m10:56:56.677714 [debug] [Thread-1 (]: SQL status: SELECT 50 in 0.004 seconds
[0m10:56:56.680200 [debug] [Thread-1 (]: Using postgres connection "model.spotify_pipeline.mart_top_tracks"
[0m10:56:56.680524 [debug] [Thread-1 (]: On model.spotify_pipeline.mart_top_tracks: /* {"app": "dbt", "dbt_version": "1.8.7", "profile_name": "spotify", "target_name": "dev", "node_id": "model.spotify_pipeline.mart_top_tracks"} */
alter table "spotify_db"."analytics"."mart_top_tracks__dbt_tmp" rename to "mart_top_tracks"
[0m10:56:56.681058 [debug] [Thread-1 (]: SQL status: ALTER TABLE in 0.000 seconds
[0m10:56:56.682201 [debug] [Thread-1 (]: On model.spotify_pipeline.mart_top_tracks: COMMIT
[0m10:56:56.682528 [debug] [Thread-1 (]: Using postgres connection "model.spotify_pipeline.mart_top_tracks"
[0m10:56:56.682913 [debug] [Thread-1 (]: On model.spotify_pipeline.mart_top_tracks: COMMIT
[0m10:56:56.684211 [debug] [Thread-1 (]: SQL status: COMMIT in 0.001 seconds
[0m10:56:56.686389 [debug] [Thread-1 (]: Applying DROP to: "spotify_db"."analytics"."mart_top_tracks__dbt_backup"
[0m10:56:56.687021 [debug] [Thread-1 (]: Using postgres connection "model.spotify_pipeline.mart_top_tracks"
[0m10:56:56.687317 [debug] [Thread-1 (]: On model.spotify_pipeline.mart_top_tracks: /* {"app": "dbt", "dbt_version": "1.8.7", "profile_name": "spotify", "target_name": "dev", "node_id": "model.spotify_pipeline.mart_top_tracks"} */
drop table if exists "spotify_db"."analytics"."mart_top_tracks__dbt_backup" cascade
[0m10:56:56.687765 [debug] [Thread-1 (]: SQL status: DROP TABLE in 0.000 seconds
[0m10:56:56.688805 [debug] [Thread-1 (]: On model.spotify_pipeline.mart_top_tracks: Close
[0m10:56:56.689377 [debug] [Thread-1 (]: Sending event: {'category': 'dbt', 'action': 'run_model', 'label': '8248c94b-f5b0-4bca-a928-6932e2834b3c', 'context': [<snowplow_tracker.self_describing_json.SelfDescribingJson object at 0xffff7aaf73d0>]}
[0m10:56:56.690023 [info ] [Thread-1 (]: 4 of 4 OK created sql table model analytics.mart_top_tracks .................... [[32mSELECT 50[0m in 0.03s]
[0m10:56:56.690758 [debug] [Thread-1 (]: Finished running node model.spotify_pipeline.mart_top_tracks
[0m10:56:56.692059 [debug] [MainThread]: Using postgres connection "master"
[0m10:56:56.692456 [debug] [MainThread]: On master: BEGIN
[0m10:56:56.692789 [debug] [MainThread]: Opening a new connection, currently in state closed
[0m10:56:56.696854 [debug] [MainThread]: SQL status: BEGIN in 0.004 seconds
[0m10:56:56.697161 [debug] [MainThread]: On master: COMMIT
[0m10:56:56.697554 [debug] [MainThread]: Using postgres connection "master"
[0m10:56:56.697881 [debug] [MainThread]: On master: COMMIT
[0m10:56:56.698225 [debug] [MainThread]: SQL status: COMMIT in 0.000 seconds
[0m10:56:56.698489 [debug] [MainThread]: On master: Close
[0m10:56:56.698896 [debug] [MainThread]: Connection 'master' was properly closed.
[0m10:56:56.699189 [debug] [MainThread]: Connection 'model.spotify_pipeline.mart_top_tracks' was properly closed.
[0m10:56:56.699733 [info ] [MainThread]: 
[0m10:56:56.700133 [info ] [MainThread]: Finished running 1 view model, 3 table models in 0 hours 0 minutes and 0.37 seconds (0.37s).
[0m10:56:56.701744 [debug] [MainThread]: Command end result
[0m10:56:56.729706 [info ] [MainThread]: 
[0m10:56:56.730344 [info ] [MainThread]: [32mCompleted successfully[0m
[0m10:56:56.730937 [info ] [MainThread]: 
[0m10:56:56.731393 [info ] [MainThread]: Done. PASS=4 WARN=0 ERROR=0 SKIP=0 TOTAL=4
[0m10:56:56.733359 [debug] [MainThread]: Resource report: {"command_name": "run", "command_success": true, "command_wall_clock_time": 1.4108064, "process_user_time": 2.718677, "process_kernel_time": 0.302519, "process_mem_max_rss": "120532", "process_in_blocks": "1184", "process_out_blocks": "6076"}
[0m10:56:56.734053 [debug] [MainThread]: Command `dbt run` succeeded at 10:56:56.733915 after 1.41 seconds
[0m10:56:56.734766 [debug] [MainThread]: Sending event: {'category': 'dbt', 'action': 'invocation', 'label': 'end', 'context': [<snowplow_tracker.self_describing_json.SelfDescribingJson object at 0xffff89c9aa50>, <snowplow_tracker.self_describing_json.SelfDescribingJson object at 0xffff89d81f90>, <snowplow_tracker.self_describing_json.SelfDescribingJson object at 0xffff8e660210>]}
[0m10:56:56.735215 [debug] [MainThread]: Flushing usage events
[0m10:58:30.577366 [debug] [MainThread]: Sending event: {'category': 'dbt', 'action': 'invocation', 'label': 'start', 'context': [<snowplow_tracker.self_describing_json.SelfDescribingJson object at 0xffffad5fce50>, <snowplow_tracker.self_describing_json.SelfDescribingJson object at 0xffffad5fd4d0>, <snowplow_tracker.self_describing_json.SelfDescribingJson object at 0xffffad3ef910>]}


============================== 10:58:30.583039 | 1425963f-0948-4994-9da8-c6d7808bf9c6 ==============================
[0m10:58:30.583039 [info ] [MainThread]: Running with dbt=1.8.7
[0m10:58:30.583596 [debug] [MainThread]: running dbt with arguments {'printer_width': '80', 'indirect_selection': 'eager', 'log_cache_events': 'False', 'write_json': 'True', 'partial_parse': 'True', 'cache_selected_only': 'False', 'warn_error': 'None', 'fail_fast': 'False', 'profiles_dir': '.', 'log_path': '/opt/airflow/dbt_project/logs', 'version_check': 'True', 'debug': 'False', 'use_colors': 'True', 'use_experimental_parser': 'False', 'no_print': 'None', 'quiet': 'False', 'empty': 'False', 'log_format': 'default', 'static_parser': 'True', 'introspect': 'True', 'invocation_command': 'dbt run --profiles-dir .', 'target_path': 'None', 'warn_error_options': 'WarnErrorOptions(include=[], exclude=[])', 'send_anonymous_usage_stats': 'True'}
[0m10:58:30.698182 [debug] [MainThread]: Sending event: {'category': 'dbt', 'action': 'project_id', 'label': '1425963f-0948-4994-9da8-c6d7808bf9c6', 'context': [<snowplow_tracker.self_describing_json.SelfDescribingJson object at 0xffffac784490>]}
[0m10:58:30.731676 [debug] [MainThread]: Sending event: {'category': 'dbt', 'action': 'adapter_info', 'label': '1425963f-0948-4994-9da8-c6d7808bf9c6', 'context': [<snowplow_tracker.self_describing_json.SelfDescribingJson object at 0xffffaf209390>]}
[0m10:58:30.732443 [info ] [MainThread]: Registered adapter: postgres=1.8.2
[0m10:58:30.777504 [debug] [MainThread]: checksum: 4af21dafb485259c48497ac86b711ddb1982f3d0f1c0ca4e09356de488b753c0, vars: {}, profile: , target: , version: 1.8.7
[0m10:58:30.838604 [debug] [MainThread]: Partial parsing enabled: 0 files deleted, 0 files added, 0 files changed.
[0m10:58:30.839053 [debug] [MainThread]: Partial parsing enabled, no changes found, skipping parsing
[0m10:58:30.858249 [debug] [MainThread]: Sending event: {'category': 'dbt', 'action': 'load_project', 'label': '1425963f-0948-4994-9da8-c6d7808bf9c6', 'context': [<snowplow_tracker.self_describing_json.SelfDescribingJson object at 0xffffac56b490>]}
[0m10:58:30.920323 [debug] [MainThread]: Sending event: {'category': 'dbt', 'action': 'resource_counts', 'label': '1425963f-0948-4994-9da8-c6d7808bf9c6', 'context': [<snowplow_tracker.self_describing_json.SelfDescribingJson object at 0xffffac4e1290>]}
[0m10:58:30.920833 [info ] [MainThread]: Found 4 models, 428 macros
[0m10:58:30.921237 [debug] [MainThread]: Sending event: {'category': 'dbt', 'action': 'runnable_timing', 'label': '1425963f-0948-4994-9da8-c6d7808bf9c6', 'context': [<snowplow_tracker.self_describing_json.SelfDescribingJson object at 0xffffac71c110>]}
[0m10:58:30.922583 [info ] [MainThread]: 
[0m10:58:30.923103 [debug] [MainThread]: Acquiring new postgres connection 'master'
[0m10:58:30.926291 [debug] [ThreadPool]: Acquiring new postgres connection 'list_spotify_db'
[0m10:58:30.954047 [debug] [ThreadPool]: Using postgres connection "list_spotify_db"
[0m10:58:30.954532 [debug] [ThreadPool]: On list_spotify_db: /* {"app": "dbt", "dbt_version": "1.8.7", "profile_name": "spotify", "target_name": "dev", "connection_name": "list_spotify_db"} */

    select distinct nspname from pg_namespace
  
[0m10:58:30.954918 [debug] [ThreadPool]: Opening a new connection, currently in state init
[0m10:58:30.961358 [debug] [ThreadPool]: SQL status: SELECT 6 in 0.006 seconds
[0m10:58:30.962444 [debug] [ThreadPool]: On list_spotify_db: Close
[0m10:58:30.964135 [debug] [ThreadPool]: Re-using an available connection from the pool (formerly list_spotify_db, now list_spotify_db_analytics)
[0m10:58:30.968688 [debug] [ThreadPool]: Using postgres connection "list_spotify_db_analytics"
[0m10:58:30.969004 [debug] [ThreadPool]: On list_spotify_db_analytics: BEGIN
[0m10:58:30.969312 [debug] [ThreadPool]: Opening a new connection, currently in state closed
[0m10:58:30.974277 [debug] [ThreadPool]: SQL status: BEGIN in 0.005 seconds
[0m10:58:30.974616 [debug] [ThreadPool]: Using postgres connection "list_spotify_db_analytics"
[0m10:58:30.974964 [debug] [ThreadPool]: On list_spotify_db_analytics: /* {"app": "dbt", "dbt_version": "1.8.7", "profile_name": "spotify", "target_name": "dev", "connection_name": "list_spotify_db_analytics"} */
select
      'spotify_db' as database,
      tablename as name,
      schemaname as schema,
      'table' as type
    from pg_tables
    where schemaname ilike 'analytics'
    union all
    select
      'spotify_db' as database,
      viewname as name,
      schemaname as schema,
      'view' as type
    from pg_views
    where schemaname ilike 'analytics'
    union all
    select
      'spotify_db' as database,
      matviewname as name,
      schemaname as schema,
      'materialized_view' as type
    from pg_matviews
    where schemaname ilike 'analytics'
  
[0m10:58:30.977862 [debug] [ThreadPool]: SQL status: SELECT 5 in 0.003 seconds
[0m10:58:30.978957 [debug] [ThreadPool]: On list_spotify_db_analytics: ROLLBACK
[0m10:58:30.979328 [debug] [ThreadPool]: On list_spotify_db_analytics: Close
[0m10:58:30.983385 [debug] [MainThread]: Using postgres connection "master"
[0m10:58:30.983789 [debug] [MainThread]: On master: BEGIN
[0m10:58:30.984113 [debug] [MainThread]: Opening a new connection, currently in state init
[0m10:58:30.987950 [debug] [MainThread]: SQL status: BEGIN in 0.004 seconds
[0m10:58:30.988264 [debug] [MainThread]: Using postgres connection "master"
[0m10:58:30.988612 [debug] [MainThread]: On master: /* {"app": "dbt", "dbt_version": "1.8.7", "profile_name": "spotify", "target_name": "dev", "connection_name": "master"} */
with relation as (
        select
            pg_rewrite.ev_class as class,
            pg_rewrite.oid as id
        from pg_rewrite
    ),
    class as (
        select
            oid as id,
            relname as name,
            relnamespace as schema,
            relkind as kind
        from pg_class
    ),
    dependency as (
        select distinct
            pg_depend.objid as id,
            pg_depend.refobjid as ref
        from pg_depend
    ),
    schema as (
        select
            pg_namespace.oid as id,
            pg_namespace.nspname as name
        from pg_namespace
        where nspname != 'information_schema' and nspname not like 'pg\_%'
    ),
    referenced as (
        select
            relation.id AS id,
            referenced_class.name ,
            referenced_class.schema ,
            referenced_class.kind
        from relation
        join class as referenced_class on relation.class=referenced_class.id
        where referenced_class.kind in ('r', 'v', 'm')
    ),
    relationships as (
        select
            referenced.name as referenced_name,
            referenced.schema as referenced_schema_id,
            dependent_class.name as dependent_name,
            dependent_class.schema as dependent_schema_id,
            referenced.kind as kind
        from referenced
        join dependency on referenced.id=dependency.id
        join class as dependent_class on dependency.ref=dependent_class.id
        where
            (referenced.name != dependent_class.name or
             referenced.schema != dependent_class.schema)
    )

    select
        referenced_schema.name as referenced_schema,
        relationships.referenced_name as referenced_name,
        dependent_schema.name as dependent_schema,
        relationships.dependent_name as dependent_name
    from relationships
    join schema as dependent_schema on relationships.dependent_schema_id=dependent_schema.id
    join schema as referenced_schema on relationships.referenced_schema_id=referenced_schema.id
    group by referenced_schema, referenced_name, dependent_schema, dependent_name
    order by referenced_schema, referenced_name, dependent_schema, dependent_name;
[0m10:58:31.005462 [debug] [MainThread]: SQL status: SELECT 1 in 0.016 seconds
[0m10:58:31.006396 [debug] [MainThread]: Sending event: {'category': 'dbt', 'action': 'runnable_timing', 'label': '1425963f-0948-4994-9da8-c6d7808bf9c6', 'context': [<snowplow_tracker.self_describing_json.SelfDescribingJson object at 0xffffaf220190>]}
[0m10:58:31.006802 [debug] [MainThread]: On master: ROLLBACK
[0m10:58:31.007217 [debug] [MainThread]: Using postgres connection "master"
[0m10:58:31.007508 [debug] [MainThread]: On master: BEGIN
[0m10:58:31.007994 [debug] [MainThread]: SQL status: BEGIN in 0.000 seconds
[0m10:58:31.008302 [debug] [MainThread]: On master: COMMIT
[0m10:58:31.008589 [debug] [MainThread]: Using postgres connection "master"
[0m10:58:31.008870 [debug] [MainThread]: On master: COMMIT
[0m10:58:31.009386 [debug] [MainThread]: SQL status: COMMIT in 0.000 seconds
[0m10:58:31.009744 [debug] [MainThread]: On master: Close
[0m10:58:31.010202 [info ] [MainThread]: Concurrency: 1 threads (target='dev')
[0m10:58:31.010547 [info ] [MainThread]: 
[0m10:58:31.016989 [debug] [Thread-1 (]: Began running node model.spotify_pipeline.stg_tracks
[0m10:58:31.017513 [info ] [Thread-1 (]: 1 of 4 START sql view model analytics.stg_tracks ............................... [RUN]
[0m10:58:31.017964 [debug] [Thread-1 (]: Re-using an available connection from the pool (formerly list_spotify_db_analytics, now model.spotify_pipeline.stg_tracks)
[0m10:58:31.018273 [debug] [Thread-1 (]: Began compiling node model.spotify_pipeline.stg_tracks
[0m10:58:31.022758 [debug] [Thread-1 (]: Writing injected SQL for node "model.spotify_pipeline.stg_tracks"
[0m10:58:31.024113 [debug] [Thread-1 (]: Began executing node model.spotify_pipeline.stg_tracks
[0m10:58:31.048833 [debug] [Thread-1 (]: Writing runtime sql for node "model.spotify_pipeline.stg_tracks"
[0m10:58:31.049899 [debug] [Thread-1 (]: Using postgres connection "model.spotify_pipeline.stg_tracks"
[0m10:58:31.050257 [debug] [Thread-1 (]: On model.spotify_pipeline.stg_tracks: BEGIN
[0m10:58:31.050568 [debug] [Thread-1 (]: Opening a new connection, currently in state closed
[0m10:58:31.054695 [debug] [Thread-1 (]: SQL status: BEGIN in 0.004 seconds
[0m10:58:31.055069 [debug] [Thread-1 (]: Using postgres connection "model.spotify_pipeline.stg_tracks"
[0m10:58:31.055431 [debug] [Thread-1 (]: On model.spotify_pipeline.stg_tracks: /* {"app": "dbt", "dbt_version": "1.8.7", "profile_name": "spotify", "target_name": "dev", "node_id": "model.spotify_pipeline.stg_tracks"} */

  create view "spotify_db"."analytics"."stg_tracks__dbt_tmp"
    
    
  as (
    SELECT
    track_id,
    TRIM(track_name)                     AS track_name,
    TRIM(artist_name)                    AS artist_name,
    country,
    popularity::INT                      AS popularity,
    ROUND(duration_ms / 1000.0 / 60, 2) AS duration_min,
    fetch_date
FROM staging.raw_tracks
WHERE track_id IS NOT NULL
  );
[0m10:58:31.057627 [debug] [Thread-1 (]: SQL status: CREATE VIEW in 0.002 seconds
[0m10:58:31.062595 [debug] [Thread-1 (]: Using postgres connection "model.spotify_pipeline.stg_tracks"
[0m10:58:31.062953 [debug] [Thread-1 (]: On model.spotify_pipeline.stg_tracks: /* {"app": "dbt", "dbt_version": "1.8.7", "profile_name": "spotify", "target_name": "dev", "node_id": "model.spotify_pipeline.stg_tracks"} */
alter table "spotify_db"."analytics"."stg_tracks" rename to "stg_tracks__dbt_backup"
[0m10:58:31.063554 [debug] [Thread-1 (]: SQL status: ALTER TABLE in 0.000 seconds
[0m10:58:31.065741 [debug] [Thread-1 (]: Using postgres connection "model.spotify_pipeline.stg_tracks"
[0m10:58:31.066063 [debug] [Thread-1 (]: On model.spotify_pipeline.stg_tracks: /* {"app": "dbt", "dbt_version": "1.8.7", "profile_name": "spotify", "target_name": "dev", "node_id": "model.spotify_pipeline.stg_tracks"} */
alter table "spotify_db"."analytics"."stg_tracks__dbt_tmp" rename to "stg_tracks"
[0m10:58:31.066586 [debug] [Thread-1 (]: SQL status: ALTER TABLE in 0.000 seconds
[0m10:58:31.077545 [debug] [Thread-1 (]: On model.spotify_pipeline.stg_tracks: COMMIT
[0m10:58:31.077932 [debug] [Thread-1 (]: Using postgres connection "model.spotify_pipeline.stg_tracks"
[0m10:58:31.078229 [debug] [Thread-1 (]: On model.spotify_pipeline.stg_tracks: COMMIT
[0m10:58:31.079048 [debug] [Thread-1 (]: SQL status: COMMIT in 0.000 seconds
[0m10:58:31.083505 [debug] [Thread-1 (]: Applying DROP to: "spotify_db"."analytics"."stg_tracks__dbt_backup"
[0m10:58:31.086890 [debug] [Thread-1 (]: Using postgres connection "model.spotify_pipeline.stg_tracks"
[0m10:58:31.087211 [debug] [Thread-1 (]: On model.spotify_pipeline.stg_tracks: /* {"app": "dbt", "dbt_version": "1.8.7", "profile_name": "spotify", "target_name": "dev", "node_id": "model.spotify_pipeline.stg_tracks"} */
drop view if exists "spotify_db"."analytics"."stg_tracks__dbt_backup" cascade
[0m10:58:31.089249 [debug] [Thread-1 (]: SQL status: DROP VIEW in 0.002 seconds
[0m10:58:31.091019 [debug] [Thread-1 (]: On model.spotify_pipeline.stg_tracks: Close
[0m10:58:31.092264 [debug] [Thread-1 (]: Sending event: {'category': 'dbt', 'action': 'run_model', 'label': '1425963f-0948-4994-9da8-c6d7808bf9c6', 'context': [<snowplow_tracker.self_describing_json.SelfDescribingJson object at 0xffffac500090>]}
[0m10:58:31.092862 [info ] [Thread-1 (]: 1 of 4 OK created sql view model analytics.stg_tracks .......................... [[32mCREATE VIEW[0m in 0.07s]
[0m10:58:31.093379 [debug] [Thread-1 (]: Finished running node model.spotify_pipeline.stg_tracks
[0m10:58:31.094202 [debug] [Thread-1 (]: Began running node model.spotify_pipeline.mart_artist_momentum
[0m10:58:31.094601 [info ] [Thread-1 (]: 2 of 4 START sql table model analytics.mart_artist_momentum .................... [RUN]
[0m10:58:31.094992 [debug] [Thread-1 (]: Re-using an available connection from the pool (formerly model.spotify_pipeline.stg_tracks, now model.spotify_pipeline.mart_artist_momentum)
[0m10:58:31.095281 [debug] [Thread-1 (]: Began compiling node model.spotify_pipeline.mart_artist_momentum
[0m10:58:31.097508 [debug] [Thread-1 (]: Writing injected SQL for node "model.spotify_pipeline.mart_artist_momentum"
[0m10:58:31.098666 [debug] [Thread-1 (]: Began executing node model.spotify_pipeline.mart_artist_momentum
[0m10:58:31.114472 [debug] [Thread-1 (]: Writing runtime sql for node "model.spotify_pipeline.mart_artist_momentum"
[0m10:58:31.115605 [debug] [Thread-1 (]: Using postgres connection "model.spotify_pipeline.mart_artist_momentum"
[0m10:58:31.115920 [debug] [Thread-1 (]: On model.spotify_pipeline.mart_artist_momentum: BEGIN
[0m10:58:31.116247 [debug] [Thread-1 (]: Opening a new connection, currently in state closed
[0m10:58:31.120441 [debug] [Thread-1 (]: SQL status: BEGIN in 0.004 seconds
[0m10:58:31.120815 [debug] [Thread-1 (]: Using postgres connection "model.spotify_pipeline.mart_artist_momentum"
[0m10:58:31.121216 [debug] [Thread-1 (]: On model.spotify_pipeline.mart_artist_momentum: /* {"app": "dbt", "dbt_version": "1.8.7", "profile_name": "spotify", "target_name": "dev", "node_id": "model.spotify_pipeline.mart_artist_momentum"} */

  
    

  create  table "spotify_db"."analytics"."mart_artist_momentum__dbt_tmp"
  
  
    as
  
  (
    WITH today AS (
    SELECT artist_name, country, ROUND(AVG(popularity), 1) AS pop_today
    FROM "spotify_db"."analytics"."stg_tracks"
    WHERE fetch_date = CURRENT_DATE
    GROUP BY artist_name, country
),
yesterday AS (
    SELECT artist_name, country, ROUND(AVG(popularity), 1) AS pop_yesterday
    FROM "spotify_db"."analytics"."stg_tracks"
    WHERE fetch_date = CURRENT_DATE - INTERVAL '1 day'
    GROUP BY artist_name, country
)
SELECT
    t.country,
    t.artist_name,
    t.pop_today,
    y.pop_yesterday,
    ROUND(t.pop_today - COALESCE(y.pop_yesterday, t.pop_today), 1) AS momentum_score
FROM today t
LEFT JOIN yesterday y ON t.artist_name = y.artist_name AND t.country = y.country
ORDER BY momentum_score DESC
  );
  
[0m10:58:31.126271 [debug] [Thread-1 (]: SQL status: SELECT 197 in 0.005 seconds
[0m10:58:31.128707 [debug] [Thread-1 (]: Using postgres connection "model.spotify_pipeline.mart_artist_momentum"
[0m10:58:31.129055 [debug] [Thread-1 (]: On model.spotify_pipeline.mart_artist_momentum: /* {"app": "dbt", "dbt_version": "1.8.7", "profile_name": "spotify", "target_name": "dev", "node_id": "model.spotify_pipeline.mart_artist_momentum"} */
alter table "spotify_db"."analytics"."mart_artist_momentum" rename to "mart_artist_momentum__dbt_backup"
[0m10:58:31.129583 [debug] [Thread-1 (]: SQL status: ALTER TABLE in 0.000 seconds
[0m10:58:31.131718 [debug] [Thread-1 (]: Using postgres connection "model.spotify_pipeline.mart_artist_momentum"
[0m10:58:31.132079 [debug] [Thread-1 (]: On model.spotify_pipeline.mart_artist_momentum: /* {"app": "dbt", "dbt_version": "1.8.7", "profile_name": "spotify", "target_name": "dev", "node_id": "model.spotify_pipeline.mart_artist_momentum"} */
alter table "spotify_db"."analytics"."mart_artist_momentum__dbt_tmp" rename to "mart_artist_momentum"
[0m10:58:31.132525 [debug] [Thread-1 (]: SQL status: ALTER TABLE in 0.000 seconds
[0m10:58:31.136018 [debug] [Thread-1 (]: On model.spotify_pipeline.mart_artist_momentum: COMMIT
[0m10:58:31.136331 [debug] [Thread-1 (]: Using postgres connection "model.spotify_pipeline.mart_artist_momentum"
[0m10:58:31.136645 [debug] [Thread-1 (]: On model.spotify_pipeline.mart_artist_momentum: COMMIT
[0m10:58:31.137625 [debug] [Thread-1 (]: SQL status: COMMIT in 0.001 seconds
[0m10:58:31.139257 [debug] [Thread-1 (]: Applying DROP to: "spotify_db"."analytics"."mart_artist_momentum__dbt_backup"
[0m10:58:31.141277 [debug] [Thread-1 (]: Using postgres connection "model.spotify_pipeline.mart_artist_momentum"
[0m10:58:31.141592 [debug] [Thread-1 (]: On model.spotify_pipeline.mart_artist_momentum: /* {"app": "dbt", "dbt_version": "1.8.7", "profile_name": "spotify", "target_name": "dev", "node_id": "model.spotify_pipeline.mart_artist_momentum"} */
drop table if exists "spotify_db"."analytics"."mart_artist_momentum__dbt_backup" cascade
[0m10:58:31.143078 [debug] [Thread-1 (]: SQL status: DROP TABLE in 0.001 seconds
[0m10:58:31.143979 [debug] [Thread-1 (]: On model.spotify_pipeline.mart_artist_momentum: Close
[0m10:58:31.144477 [debug] [Thread-1 (]: Sending event: {'category': 'dbt', 'action': 'run_model', 'label': '1425963f-0948-4994-9da8-c6d7808bf9c6', 'context': [<snowplow_tracker.self_describing_json.SelfDescribingJson object at 0xffffab8e8910>]}
[0m10:58:31.145000 [info ] [Thread-1 (]: 2 of 4 OK created sql table model analytics.mart_artist_momentum ............... [[32mSELECT 197[0m in 0.05s]
[0m10:58:31.145506 [debug] [Thread-1 (]: Finished running node model.spotify_pipeline.mart_artist_momentum
[0m10:58:31.145855 [debug] [Thread-1 (]: Began running node model.spotify_pipeline.mart_top_artists
[0m10:58:31.146296 [info ] [Thread-1 (]: 3 of 4 START sql table model analytics.mart_top_artists ........................ [RUN]
[0m10:58:31.146660 [debug] [Thread-1 (]: Re-using an available connection from the pool (formerly model.spotify_pipeline.mart_artist_momentum, now model.spotify_pipeline.mart_top_artists)
[0m10:58:31.146954 [debug] [Thread-1 (]: Began compiling node model.spotify_pipeline.mart_top_artists
[0m10:58:31.148920 [debug] [Thread-1 (]: Writing injected SQL for node "model.spotify_pipeline.mart_top_artists"
[0m10:58:31.149819 [debug] [Thread-1 (]: Began executing node model.spotify_pipeline.mart_top_artists
[0m10:58:31.153864 [debug] [Thread-1 (]: Writing runtime sql for node "model.spotify_pipeline.mart_top_artists"
[0m10:58:31.154910 [debug] [Thread-1 (]: Using postgres connection "model.spotify_pipeline.mart_top_artists"
[0m10:58:31.155248 [debug] [Thread-1 (]: On model.spotify_pipeline.mart_top_artists: BEGIN
[0m10:58:31.155567 [debug] [Thread-1 (]: Opening a new connection, currently in state closed
[0m10:58:31.160422 [debug] [Thread-1 (]: SQL status: BEGIN in 0.005 seconds
[0m10:58:31.160855 [debug] [Thread-1 (]: Using postgres connection "model.spotify_pipeline.mart_top_artists"
[0m10:58:31.161315 [debug] [Thread-1 (]: On model.spotify_pipeline.mart_top_artists: /* {"app": "dbt", "dbt_version": "1.8.7", "profile_name": "spotify", "target_name": "dev", "node_id": "model.spotify_pipeline.mart_top_artists"} */

  
    

  create  table "spotify_db"."analytics"."mart_top_artists__dbt_tmp"
  
  
    as
  
  (
    SELECT
    fetch_date,
    country,
    artist_name,
    COUNT(DISTINCT track_id)   AS nb_tracks_in_top50,
    ROUND(AVG(popularity), 1)  AS avg_popularity
FROM "spotify_db"."analytics"."stg_tracks"
GROUP BY fetch_date, country, artist_name
ORDER BY fetch_date DESC, avg_popularity DESC
  );
  
[0m10:58:31.165891 [debug] [Thread-1 (]: SQL status: SELECT 197 in 0.004 seconds
[0m10:58:31.168421 [debug] [Thread-1 (]: Using postgres connection "model.spotify_pipeline.mart_top_artists"
[0m10:58:31.168760 [debug] [Thread-1 (]: On model.spotify_pipeline.mart_top_artists: /* {"app": "dbt", "dbt_version": "1.8.7", "profile_name": "spotify", "target_name": "dev", "node_id": "model.spotify_pipeline.mart_top_artists"} */
alter table "spotify_db"."analytics"."mart_top_artists" rename to "mart_top_artists__dbt_backup"
[0m10:58:31.169382 [debug] [Thread-1 (]: SQL status: ALTER TABLE in 0.000 seconds
[0m10:58:31.171477 [debug] [Thread-1 (]: Using postgres connection "model.spotify_pipeline.mart_top_artists"
[0m10:58:31.171822 [debug] [Thread-1 (]: On model.spotify_pipeline.mart_top_artists: /* {"app": "dbt", "dbt_version": "1.8.7", "profile_name": "spotify", "target_name": "dev", "node_id": "model.spotify_pipeline.mart_top_artists"} */
alter table "spotify_db"."analytics"."mart_top_artists__dbt_tmp" rename to "mart_top_artists"
[0m10:58:31.172362 [debug] [Thread-1 (]: SQL status: ALTER TABLE in 0.000 seconds
[0m10:58:31.173626 [debug] [Thread-1 (]: On model.spotify_pipeline.mart_top_artists: COMMIT
[0m10:58:31.173976 [debug] [Thread-1 (]: Using postgres connection "model.spotify_pipeline.mart_top_artists"
[0m10:58:31.174323 [debug] [Thread-1 (]: On model.spotify_pipeline.mart_top_artists: COMMIT
[0m10:58:31.174955 [debug] [Thread-1 (]: SQL status: COMMIT in 0.000 seconds
[0m10:58:31.176795 [debug] [Thread-1 (]: Applying DROP to: "spotify_db"."analytics"."mart_top_artists__dbt_backup"
[0m10:58:31.177413 [debug] [Thread-1 (]: Using postgres connection "model.spotify_pipeline.mart_top_artists"
[0m10:58:31.177719 [debug] [Thread-1 (]: On model.spotify_pipeline.mart_top_artists: /* {"app": "dbt", "dbt_version": "1.8.7", "profile_name": "spotify", "target_name": "dev", "node_id": "model.spotify_pipeline.mart_top_artists"} */
drop table if exists "spotify_db"."analytics"."mart_top_artists__dbt_backup" cascade
[0m10:58:31.178955 [debug] [Thread-1 (]: SQL status: DROP TABLE in 0.001 seconds
[0m10:58:31.179946 [debug] [Thread-1 (]: On model.spotify_pipeline.mart_top_artists: Close
[0m10:58:31.180480 [debug] [Thread-1 (]: Sending event: {'category': 'dbt', 'action': 'run_model', 'label': '1425963f-0948-4994-9da8-c6d7808bf9c6', 'context': [<snowplow_tracker.self_describing_json.SelfDescribingJson object at 0xffffab999a50>]}
[0m10:58:31.180981 [info ] [Thread-1 (]: 3 of 4 OK created sql table model analytics.mart_top_artists ................... [[32mSELECT 197[0m in 0.03s]
[0m10:58:31.181496 [debug] [Thread-1 (]: Finished running node model.spotify_pipeline.mart_top_artists
[0m10:58:31.181925 [debug] [Thread-1 (]: Began running node model.spotify_pipeline.mart_top_tracks
[0m10:58:31.182331 [info ] [Thread-1 (]: 4 of 4 START sql table model analytics.mart_top_tracks ......................... [RUN]
[0m10:58:31.182705 [debug] [Thread-1 (]: Re-using an available connection from the pool (formerly model.spotify_pipeline.mart_top_artists, now model.spotify_pipeline.mart_top_tracks)
[0m10:58:31.182996 [debug] [Thread-1 (]: Began compiling node model.spotify_pipeline.mart_top_tracks
[0m10:58:31.185036 [debug] [Thread-1 (]: Writing injected SQL for node "model.spotify_pipeline.mart_top_tracks"
[0m10:58:31.186098 [debug] [Thread-1 (]: Began executing node model.spotify_pipeline.mart_top_tracks
[0m10:58:31.188675 [debug] [Thread-1 (]: Writing runtime sql for node "model.spotify_pipeline.mart_top_tracks"
[0m10:58:31.189713 [debug] [Thread-1 (]: Using postgres connection "model.spotify_pipeline.mart_top_tracks"
[0m10:58:31.190019 [debug] [Thread-1 (]: On model.spotify_pipeline.mart_top_tracks: BEGIN
[0m10:58:31.190287 [debug] [Thread-1 (]: Opening a new connection, currently in state closed
[0m10:58:31.194588 [debug] [Thread-1 (]: SQL status: BEGIN in 0.004 seconds
[0m10:58:31.194938 [debug] [Thread-1 (]: Using postgres connection "model.spotify_pipeline.mart_top_tracks"
[0m10:58:31.195288 [debug] [Thread-1 (]: On model.spotify_pipeline.mart_top_tracks: /* {"app": "dbt", "dbt_version": "1.8.7", "profile_name": "spotify", "target_name": "dev", "node_id": "model.spotify_pipeline.mart_top_tracks"} */

  
    

  create  table "spotify_db"."analytics"."mart_top_tracks__dbt_tmp"
  
  
    as
  
  (
    WITH ranked AS (
    SELECT
        fetch_date,
        country,
        track_name,
        artist_name,
        popularity,
        ROW_NUMBER() OVER (PARTITION BY country, fetch_date ORDER BY popularity DESC) AS rank
    FROM "spotify_db"."analytics"."stg_tracks"
)
SELECT *
FROM ranked
WHERE rank <= 10
ORDER BY fetch_date DESC, country, rank
  );
  
[0m10:58:31.199156 [debug] [Thread-1 (]: SQL status: SELECT 50 in 0.004 seconds
[0m10:58:31.201407 [debug] [Thread-1 (]: Using postgres connection "model.spotify_pipeline.mart_top_tracks"
[0m10:58:31.201719 [debug] [Thread-1 (]: On model.spotify_pipeline.mart_top_tracks: /* {"app": "dbt", "dbt_version": "1.8.7", "profile_name": "spotify", "target_name": "dev", "node_id": "model.spotify_pipeline.mart_top_tracks"} */
alter table "spotify_db"."analytics"."mart_top_tracks" rename to "mart_top_tracks__dbt_backup"
[0m10:58:31.202234 [debug] [Thread-1 (]: SQL status: ALTER TABLE in 0.000 seconds
[0m10:58:31.204273 [debug] [Thread-1 (]: Using postgres connection "model.spotify_pipeline.mart_top_tracks"
[0m10:58:31.204568 [debug] [Thread-1 (]: On model.spotify_pipeline.mart_top_tracks: /* {"app": "dbt", "dbt_version": "1.8.7", "profile_name": "spotify", "target_name": "dev", "node_id": "model.spotify_pipeline.mart_top_tracks"} */
alter table "spotify_db"."analytics"."mart_top_tracks__dbt_tmp" rename to "mart_top_tracks"
[0m10:58:31.205004 [debug] [Thread-1 (]: SQL status: ALTER TABLE in 0.000 seconds
[0m10:58:31.206285 [debug] [Thread-1 (]: On model.spotify_pipeline.mart_top_tracks: COMMIT
[0m10:58:31.206622 [debug] [Thread-1 (]: Using postgres connection "model.spotify_pipeline.mart_top_tracks"
[0m10:58:31.206968 [debug] [Thread-1 (]: On model.spotify_pipeline.mart_top_tracks: COMMIT
[0m10:58:31.207776 [debug] [Thread-1 (]: SQL status: COMMIT in 0.000 seconds
[0m10:58:31.209508 [debug] [Thread-1 (]: Applying DROP to: "spotify_db"."analytics"."mart_top_tracks__dbt_backup"
[0m10:58:31.210106 [debug] [Thread-1 (]: Using postgres connection "model.spotify_pipeline.mart_top_tracks"
[0m10:58:31.210408 [debug] [Thread-1 (]: On model.spotify_pipeline.mart_top_tracks: /* {"app": "dbt", "dbt_version": "1.8.7", "profile_name": "spotify", "target_name": "dev", "node_id": "model.spotify_pipeline.mart_top_tracks"} */
drop table if exists "spotify_db"."analytics"."mart_top_tracks__dbt_backup" cascade
[0m10:58:31.211493 [debug] [Thread-1 (]: SQL status: DROP TABLE in 0.001 seconds
[0m10:58:31.212467 [debug] [Thread-1 (]: On model.spotify_pipeline.mart_top_tracks: Close
[0m10:58:31.213017 [debug] [Thread-1 (]: Sending event: {'category': 'dbt', 'action': 'run_model', 'label': '1425963f-0948-4994-9da8-c6d7808bf9c6', 'context': [<snowplow_tracker.self_describing_json.SelfDescribingJson object at 0xffffab7a0390>]}
[0m10:58:31.213677 [info ] [Thread-1 (]: 4 of 4 OK created sql table model analytics.mart_top_tracks .................... [[32mSELECT 50[0m in 0.03s]
[0m10:58:31.214262 [debug] [Thread-1 (]: Finished running node model.spotify_pipeline.mart_top_tracks
[0m10:58:31.215318 [debug] [MainThread]: Using postgres connection "master"
[0m10:58:31.215644 [debug] [MainThread]: On master: BEGIN
[0m10:58:31.215943 [debug] [MainThread]: Opening a new connection, currently in state closed
[0m10:58:31.220012 [debug] [MainThread]: SQL status: BEGIN in 0.004 seconds
[0m10:58:31.220331 [debug] [MainThread]: On master: COMMIT
[0m10:58:31.220633 [debug] [MainThread]: Using postgres connection "master"
[0m10:58:31.220915 [debug] [MainThread]: On master: COMMIT
[0m10:58:31.221277 [debug] [MainThread]: SQL status: COMMIT in 0.000 seconds
[0m10:58:31.221543 [debug] [MainThread]: On master: Close
[0m10:58:31.221901 [debug] [MainThread]: Connection 'master' was properly closed.
[0m10:58:31.222156 [debug] [MainThread]: Connection 'model.spotify_pipeline.mart_top_tracks' was properly closed.
[0m10:58:31.222471 [info ] [MainThread]: 
[0m10:58:31.222822 [info ] [MainThread]: Finished running 1 view model, 3 table models in 0 hours 0 minutes and 0.30 seconds (0.30s).
[0m10:58:31.223604 [debug] [MainThread]: Command end result
[0m10:58:31.284361 [info ] [MainThread]: 
[0m10:58:31.284809 [info ] [MainThread]: [32mCompleted successfully[0m
[0m10:58:31.285103 [info ] [MainThread]: 
[0m10:58:31.285432 [info ] [MainThread]: Done. PASS=4 WARN=0 ERROR=0 SKIP=0 TOTAL=4
[0m10:58:31.286211 [debug] [MainThread]: Resource report: {"command_name": "run", "command_success": true, "command_wall_clock_time": 0.74167216, "process_user_time": 1.9196, "process_kernel_time": 0.150046, "process_mem_max_rss": "161516", "process_out_blocks": "1698", "process_in_blocks": "0"}
[0m10:58:31.286673 [debug] [MainThread]: Command `dbt run` succeeded at 10:58:31.286598 after 0.74 seconds
[0m10:58:31.287028 [debug] [MainThread]: Sending event: {'category': 'dbt', 'action': 'invocation', 'label': 'end', 'context': [<snowplow_tracker.self_describing_json.SelfDescribingJson object at 0xffffab7b95d0>, <snowplow_tracker.self_describing_json.SelfDescribingJson object at 0xffffb1b1d790>, <snowplow_tracker.self_describing_json.SelfDescribingJson object at 0xffffb1b6a810>]}
[0m10:58:31.287359 [debug] [MainThread]: Flushing usage events
[0m11:00:16.573408 [debug] [MainThread]: Sending event: {'category': 'dbt', 'action': 'invocation', 'label': 'start', 'context': [<snowplow_tracker.self_describing_json.SelfDescribingJson object at 0xffffb14bffd0>, <snowplow_tracker.self_describing_json.SelfDescribingJson object at 0xffffb1a331d0>, <snowplow_tracker.self_describing_json.SelfDescribingJson object at 0xffffb14ffc50>]}


============================== 11:00:16.585088 | 491e5ff0-7c82-45f2-a148-8da6d849edb4 ==============================
[0m11:00:16.585088 [info ] [MainThread]: Running with dbt=1.8.7
[0m11:00:16.585778 [debug] [MainThread]: running dbt with arguments {'printer_width': '80', 'indirect_selection': 'eager', 'log_cache_events': 'False', 'write_json': 'True', 'partial_parse': 'True', 'cache_selected_only': 'False', 'warn_error': 'None', 'version_check': 'True', 'debug': 'False', 'log_path': '/opt/airflow/dbt_project/logs', 'fail_fast': 'False', 'profiles_dir': '.', 'use_colors': 'True', 'use_experimental_parser': 'False', 'no_print': 'None', 'quiet': 'False', 'empty': 'False', 'warn_error_options': 'WarnErrorOptions(include=[], exclude=[])', 'static_parser': 'True', 'invocation_command': 'dbt run --profiles-dir .', 'introspect': 'True', 'target_path': 'None', 'log_format': 'default', 'send_anonymous_usage_stats': 'True'}
[0m11:00:16.720988 [debug] [MainThread]: Sending event: {'category': 'dbt', 'action': 'project_id', 'label': '491e5ff0-7c82-45f2-a148-8da6d849edb4', 'context': [<snowplow_tracker.self_describing_json.SelfDescribingJson object at 0xffffb156b1d0>]}
[0m11:00:16.757467 [debug] [MainThread]: Sending event: {'category': 'dbt', 'action': 'adapter_info', 'label': '491e5ff0-7c82-45f2-a148-8da6d849edb4', 'context': [<snowplow_tracker.self_describing_json.SelfDescribingJson object at 0xffffb32d4790>]}
[0m11:00:16.758274 [info ] [MainThread]: Registered adapter: postgres=1.8.2
[0m11:00:16.812786 [debug] [MainThread]: checksum: 4af21dafb485259c48497ac86b711ddb1982f3d0f1c0ca4e09356de488b753c0, vars: {}, profile: , target: , version: 1.8.7
[0m11:00:16.886462 [debug] [MainThread]: Partial parsing enabled: 0 files deleted, 0 files added, 0 files changed.
[0m11:00:16.886924 [debug] [MainThread]: Partial parsing enabled, no changes found, skipping parsing
[0m11:00:16.905811 [debug] [MainThread]: Sending event: {'category': 'dbt', 'action': 'load_project', 'label': '491e5ff0-7c82-45f2-a148-8da6d849edb4', 'context': [<snowplow_tracker.self_describing_json.SelfDescribingJson object at 0xffffb060c150>]}
[0m11:00:16.973397 [debug] [MainThread]: Sending event: {'category': 'dbt', 'action': 'resource_counts', 'label': '491e5ff0-7c82-45f2-a148-8da6d849edb4', 'context': [<snowplow_tracker.self_describing_json.SelfDescribingJson object at 0xffffb0590cd0>]}
[0m11:00:16.973914 [info ] [MainThread]: Found 4 models, 428 macros
[0m11:00:16.974250 [debug] [MainThread]: Sending event: {'category': 'dbt', 'action': 'runnable_timing', 'label': '491e5ff0-7c82-45f2-a148-8da6d849edb4', 'context': [<snowplow_tracker.self_describing_json.SelfDescribingJson object at 0xffffb0692510>]}
[0m11:00:16.975619 [info ] [MainThread]: 
[0m11:00:16.976162 [debug] [MainThread]: Acquiring new postgres connection 'master'
[0m11:00:16.979333 [debug] [ThreadPool]: Acquiring new postgres connection 'list_spotify_db'
[0m11:00:17.023043 [debug] [ThreadPool]: Using postgres connection "list_spotify_db"
[0m11:00:17.023522 [debug] [ThreadPool]: On list_spotify_db: /* {"app": "dbt", "dbt_version": "1.8.7", "profile_name": "spotify", "target_name": "dev", "connection_name": "list_spotify_db"} */

    select distinct nspname from pg_namespace
  
[0m11:00:17.023879 [debug] [ThreadPool]: Opening a new connection, currently in state init
[0m11:00:17.031069 [debug] [ThreadPool]: SQL status: SELECT 6 in 0.007 seconds
[0m11:00:17.033208 [debug] [ThreadPool]: On list_spotify_db: Close
[0m11:00:17.035146 [debug] [ThreadPool]: Re-using an available connection from the pool (formerly list_spotify_db, now list_spotify_db_analytics)
[0m11:00:17.040324 [debug] [ThreadPool]: Using postgres connection "list_spotify_db_analytics"
[0m11:00:17.040818 [debug] [ThreadPool]: On list_spotify_db_analytics: BEGIN
[0m11:00:17.041174 [debug] [ThreadPool]: Opening a new connection, currently in state closed
[0m11:00:17.046675 [debug] [ThreadPool]: SQL status: BEGIN in 0.005 seconds
[0m11:00:17.047248 [debug] [ThreadPool]: Using postgres connection "list_spotify_db_analytics"
[0m11:00:17.047660 [debug] [ThreadPool]: On list_spotify_db_analytics: /* {"app": "dbt", "dbt_version": "1.8.7", "profile_name": "spotify", "target_name": "dev", "connection_name": "list_spotify_db_analytics"} */
select
      'spotify_db' as database,
      tablename as name,
      schemaname as schema,
      'table' as type
    from pg_tables
    where schemaname ilike 'analytics'
    union all
    select
      'spotify_db' as database,
      viewname as name,
      schemaname as schema,
      'view' as type
    from pg_views
    where schemaname ilike 'analytics'
    union all
    select
      'spotify_db' as database,
      matviewname as name,
      schemaname as schema,
      'materialized_view' as type
    from pg_matviews
    where schemaname ilike 'analytics'
  
[0m11:00:17.050563 [debug] [ThreadPool]: SQL status: SELECT 5 in 0.003 seconds
[0m11:00:17.052393 [debug] [ThreadPool]: On list_spotify_db_analytics: ROLLBACK
[0m11:00:17.053417 [debug] [ThreadPool]: On list_spotify_db_analytics: Close
[0m11:00:17.057981 [debug] [MainThread]: Using postgres connection "master"
[0m11:00:17.058557 [debug] [MainThread]: On master: BEGIN
[0m11:00:17.058942 [debug] [MainThread]: Opening a new connection, currently in state init
[0m11:00:17.066775 [debug] [MainThread]: SQL status: BEGIN in 0.008 seconds
[0m11:00:17.067332 [debug] [MainThread]: Using postgres connection "master"
[0m11:00:17.067795 [debug] [MainThread]: On master: /* {"app": "dbt", "dbt_version": "1.8.7", "profile_name": "spotify", "target_name": "dev", "connection_name": "master"} */
with relation as (
        select
            pg_rewrite.ev_class as class,
            pg_rewrite.oid as id
        from pg_rewrite
    ),
    class as (
        select
            oid as id,
            relname as name,
            relnamespace as schema,
            relkind as kind
        from pg_class
    ),
    dependency as (
        select distinct
            pg_depend.objid as id,
            pg_depend.refobjid as ref
        from pg_depend
    ),
    schema as (
        select
            pg_namespace.oid as id,
            pg_namespace.nspname as name
        from pg_namespace
        where nspname != 'information_schema' and nspname not like 'pg\_%'
    ),
    referenced as (
        select
            relation.id AS id,
            referenced_class.name ,
            referenced_class.schema ,
            referenced_class.kind
        from relation
        join class as referenced_class on relation.class=referenced_class.id
        where referenced_class.kind in ('r', 'v', 'm')
    ),
    relationships as (
        select
            referenced.name as referenced_name,
            referenced.schema as referenced_schema_id,
            dependent_class.name as dependent_name,
            dependent_class.schema as dependent_schema_id,
            referenced.kind as kind
        from referenced
        join dependency on referenced.id=dependency.id
        join class as dependent_class on dependency.ref=dependent_class.id
        where
            (referenced.name != dependent_class.name or
             referenced.schema != dependent_class.schema)
    )

    select
        referenced_schema.name as referenced_schema,
        relationships.referenced_name as referenced_name,
        dependent_schema.name as dependent_schema,
        relationships.dependent_name as dependent_name
    from relationships
    join schema as dependent_schema on relationships.dependent_schema_id=dependent_schema.id
    join schema as referenced_schema on relationships.referenced_schema_id=referenced_schema.id
    group by referenced_schema, referenced_name, dependent_schema, dependent_name
    order by referenced_schema, referenced_name, dependent_schema, dependent_name;
[0m11:00:17.090366 [debug] [MainThread]: SQL status: SELECT 1 in 0.022 seconds
[0m11:00:17.093059 [debug] [MainThread]: Sending event: {'category': 'dbt', 'action': 'runnable_timing', 'label': '491e5ff0-7c82-45f2-a148-8da6d849edb4', 'context': [<snowplow_tracker.self_describing_json.SelfDescribingJson object at 0xffffb2978750>]}
[0m11:00:17.094262 [debug] [MainThread]: On master: ROLLBACK
[0m11:00:17.094802 [debug] [MainThread]: Using postgres connection "master"
[0m11:00:17.095147 [debug] [MainThread]: On master: BEGIN
[0m11:00:17.095737 [debug] [MainThread]: SQL status: BEGIN in 0.000 seconds
[0m11:00:17.096075 [debug] [MainThread]: On master: COMMIT
[0m11:00:17.096371 [debug] [MainThread]: Using postgres connection "master"
[0m11:00:17.096651 [debug] [MainThread]: On master: COMMIT
[0m11:00:17.098149 [debug] [MainThread]: SQL status: COMMIT in 0.000 seconds
[0m11:00:17.098440 [debug] [MainThread]: On master: Close
[0m11:00:17.098880 [info ] [MainThread]: Concurrency: 1 threads (target='dev')
[0m11:00:17.099316 [info ] [MainThread]: 
[0m11:00:17.115171 [debug] [Thread-1 (]: Began running node model.spotify_pipeline.stg_tracks
[0m11:00:17.115903 [info ] [Thread-1 (]: 1 of 4 START sql view model analytics.stg_tracks ............................... [RUN]
[0m11:00:17.116501 [debug] [Thread-1 (]: Re-using an available connection from the pool (formerly list_spotify_db_analytics, now model.spotify_pipeline.stg_tracks)
[0m11:00:17.116857 [debug] [Thread-1 (]: Began compiling node model.spotify_pipeline.stg_tracks
[0m11:00:17.122400 [debug] [Thread-1 (]: Writing injected SQL for node "model.spotify_pipeline.stg_tracks"
[0m11:00:17.123770 [debug] [Thread-1 (]: Began executing node model.spotify_pipeline.stg_tracks
[0m11:00:17.156890 [debug] [Thread-1 (]: Writing runtime sql for node "model.spotify_pipeline.stg_tracks"
[0m11:00:17.159137 [debug] [Thread-1 (]: Using postgres connection "model.spotify_pipeline.stg_tracks"
[0m11:00:17.159576 [debug] [Thread-1 (]: On model.spotify_pipeline.stg_tracks: BEGIN
[0m11:00:17.159966 [debug] [Thread-1 (]: Opening a new connection, currently in state closed
[0m11:00:17.164640 [debug] [Thread-1 (]: SQL status: BEGIN in 0.005 seconds
[0m11:00:17.165272 [debug] [Thread-1 (]: Using postgres connection "model.spotify_pipeline.stg_tracks"
[0m11:00:17.165839 [debug] [Thread-1 (]: On model.spotify_pipeline.stg_tracks: /* {"app": "dbt", "dbt_version": "1.8.7", "profile_name": "spotify", "target_name": "dev", "node_id": "model.spotify_pipeline.stg_tracks"} */

  create view "spotify_db"."analytics"."stg_tracks__dbt_tmp"
    
    
  as (
    SELECT
    track_id,
    TRIM(track_name)                     AS track_name,
    TRIM(artist_name)                    AS artist_name,
    country,
    popularity::INT                      AS popularity,
    ROUND(duration_ms / 1000.0 / 60, 2) AS duration_min,
    fetch_date
FROM staging.raw_tracks
WHERE track_id IS NOT NULL
  );
[0m11:00:17.169154 [debug] [Thread-1 (]: SQL status: CREATE VIEW in 0.003 seconds
[0m11:00:17.178875 [debug] [Thread-1 (]: Using postgres connection "model.spotify_pipeline.stg_tracks"
[0m11:00:17.179603 [debug] [Thread-1 (]: On model.spotify_pipeline.stg_tracks: /* {"app": "dbt", "dbt_version": "1.8.7", "profile_name": "spotify", "target_name": "dev", "node_id": "model.spotify_pipeline.stg_tracks"} */
alter table "spotify_db"."analytics"."stg_tracks" rename to "stg_tracks__dbt_backup"
[0m11:00:17.181068 [debug] [Thread-1 (]: SQL status: ALTER TABLE in 0.001 seconds
[0m11:00:17.187380 [debug] [Thread-1 (]: Using postgres connection "model.spotify_pipeline.stg_tracks"
[0m11:00:17.188348 [debug] [Thread-1 (]: On model.spotify_pipeline.stg_tracks: /* {"app": "dbt", "dbt_version": "1.8.7", "profile_name": "spotify", "target_name": "dev", "node_id": "model.spotify_pipeline.stg_tracks"} */
alter table "spotify_db"."analytics"."stg_tracks__dbt_tmp" rename to "stg_tracks"
[0m11:00:17.189260 [debug] [Thread-1 (]: SQL status: ALTER TABLE in 0.000 seconds
[0m11:00:17.203462 [debug] [Thread-1 (]: On model.spotify_pipeline.stg_tracks: COMMIT
[0m11:00:17.204089 [debug] [Thread-1 (]: Using postgres connection "model.spotify_pipeline.stg_tracks"
[0m11:00:17.204450 [debug] [Thread-1 (]: On model.spotify_pipeline.stg_tracks: COMMIT
[0m11:00:17.205988 [debug] [Thread-1 (]: SQL status: COMMIT in 0.001 seconds
[0m11:00:17.211895 [debug] [Thread-1 (]: Applying DROP to: "spotify_db"."analytics"."stg_tracks__dbt_backup"
[0m11:00:17.215745 [debug] [Thread-1 (]: Using postgres connection "model.spotify_pipeline.stg_tracks"
[0m11:00:17.216181 [debug] [Thread-1 (]: On model.spotify_pipeline.stg_tracks: /* {"app": "dbt", "dbt_version": "1.8.7", "profile_name": "spotify", "target_name": "dev", "node_id": "model.spotify_pipeline.stg_tracks"} */
drop view if exists "spotify_db"."analytics"."stg_tracks__dbt_backup" cascade
[0m11:00:17.218142 [debug] [Thread-1 (]: SQL status: DROP VIEW in 0.002 seconds
[0m11:00:17.220652 [debug] [Thread-1 (]: On model.spotify_pipeline.stg_tracks: Close
[0m11:00:17.221889 [debug] [Thread-1 (]: Sending event: {'category': 'dbt', 'action': 'run_model', 'label': '491e5ff0-7c82-45f2-a148-8da6d849edb4', 'context': [<snowplow_tracker.self_describing_json.SelfDescribingJson object at 0xffffaf9cb210>]}
[0m11:00:17.222631 [info ] [Thread-1 (]: 1 of 4 OK created sql view model analytics.stg_tracks .......................... [[32mCREATE VIEW[0m in 0.10s]
[0m11:00:17.223419 [debug] [Thread-1 (]: Finished running node model.spotify_pipeline.stg_tracks
[0m11:00:17.224622 [debug] [Thread-1 (]: Began running node model.spotify_pipeline.mart_artist_momentum
[0m11:00:17.225143 [info ] [Thread-1 (]: 2 of 4 START sql table model analytics.mart_artist_momentum .................... [RUN]
[0m11:00:17.225828 [debug] [Thread-1 (]: Re-using an available connection from the pool (formerly model.spotify_pipeline.stg_tracks, now model.spotify_pipeline.mart_artist_momentum)
[0m11:00:17.226340 [debug] [Thread-1 (]: Began compiling node model.spotify_pipeline.mart_artist_momentum
[0m11:00:17.229243 [debug] [Thread-1 (]: Writing injected SQL for node "model.spotify_pipeline.mart_artist_momentum"
[0m11:00:17.232852 [debug] [Thread-1 (]: Began executing node model.spotify_pipeline.mart_artist_momentum
[0m11:00:17.266559 [debug] [Thread-1 (]: Writing runtime sql for node "model.spotify_pipeline.mart_artist_momentum"
[0m11:00:17.269909 [debug] [Thread-1 (]: Using postgres connection "model.spotify_pipeline.mart_artist_momentum"
[0m11:00:17.271738 [debug] [Thread-1 (]: On model.spotify_pipeline.mart_artist_momentum: BEGIN
[0m11:00:17.272463 [debug] [Thread-1 (]: Opening a new connection, currently in state closed
[0m11:00:17.279791 [debug] [Thread-1 (]: SQL status: BEGIN in 0.007 seconds
[0m11:00:17.280601 [debug] [Thread-1 (]: Using postgres connection "model.spotify_pipeline.mart_artist_momentum"
[0m11:00:17.281455 [debug] [Thread-1 (]: On model.spotify_pipeline.mart_artist_momentum: /* {"app": "dbt", "dbt_version": "1.8.7", "profile_name": "spotify", "target_name": "dev", "node_id": "model.spotify_pipeline.mart_artist_momentum"} */

  
    

  create  table "spotify_db"."analytics"."mart_artist_momentum__dbt_tmp"
  
  
    as
  
  (
    WITH today AS (
    SELECT artist_name, country, ROUND(AVG(popularity), 1) AS pop_today
    FROM "spotify_db"."analytics"."stg_tracks"
    WHERE fetch_date = CURRENT_DATE
    GROUP BY artist_name, country
),
yesterday AS (
    SELECT artist_name, country, ROUND(AVG(popularity), 1) AS pop_yesterday
    FROM "spotify_db"."analytics"."stg_tracks"
    WHERE fetch_date = CURRENT_DATE - INTERVAL '1 day'
    GROUP BY artist_name, country
)
SELECT
    t.country,
    t.artist_name,
    t.pop_today,
    y.pop_yesterday,
    ROUND(t.pop_today - COALESCE(y.pop_yesterday, t.pop_today), 1) AS momentum_score
FROM today t
LEFT JOIN yesterday y ON t.artist_name = y.artist_name AND t.country = y.country
ORDER BY momentum_score DESC
  );
  
[0m11:00:17.290871 [debug] [Thread-1 (]: SQL status: SELECT 204 in 0.008 seconds
[0m11:00:17.294791 [debug] [Thread-1 (]: Using postgres connection "model.spotify_pipeline.mart_artist_momentum"
[0m11:00:17.295409 [debug] [Thread-1 (]: On model.spotify_pipeline.mart_artist_momentum: /* {"app": "dbt", "dbt_version": "1.8.7", "profile_name": "spotify", "target_name": "dev", "node_id": "model.spotify_pipeline.mart_artist_momentum"} */
alter table "spotify_db"."analytics"."mart_artist_momentum" rename to "mart_artist_momentum__dbt_backup"
[0m11:00:17.296433 [debug] [Thread-1 (]: SQL status: ALTER TABLE in 0.000 seconds
[0m11:00:17.301834 [debug] [Thread-1 (]: Using postgres connection "model.spotify_pipeline.mart_artist_momentum"
[0m11:00:17.302681 [debug] [Thread-1 (]: On model.spotify_pipeline.mart_artist_momentum: /* {"app": "dbt", "dbt_version": "1.8.7", "profile_name": "spotify", "target_name": "dev", "node_id": "model.spotify_pipeline.mart_artist_momentum"} */
alter table "spotify_db"."analytics"."mart_artist_momentum__dbt_tmp" rename to "mart_artist_momentum"
[0m11:00:17.303749 [debug] [Thread-1 (]: SQL status: ALTER TABLE in 0.001 seconds
[0m11:00:17.309936 [debug] [Thread-1 (]: On model.spotify_pipeline.mart_artist_momentum: COMMIT
[0m11:00:17.310729 [debug] [Thread-1 (]: Using postgres connection "model.spotify_pipeline.mart_artist_momentum"
[0m11:00:17.311334 [debug] [Thread-1 (]: On model.spotify_pipeline.mart_artist_momentum: COMMIT
[0m11:00:17.314324 [debug] [Thread-1 (]: SQL status: COMMIT in 0.002 seconds
[0m11:00:17.319256 [debug] [Thread-1 (]: Applying DROP to: "spotify_db"."analytics"."mart_artist_momentum__dbt_backup"
[0m11:00:17.324875 [debug] [Thread-1 (]: Using postgres connection "model.spotify_pipeline.mart_artist_momentum"
[0m11:00:17.325621 [debug] [Thread-1 (]: On model.spotify_pipeline.mart_artist_momentum: /* {"app": "dbt", "dbt_version": "1.8.7", "profile_name": "spotify", "target_name": "dev", "node_id": "model.spotify_pipeline.mart_artist_momentum"} */
drop table if exists "spotify_db"."analytics"."mart_artist_momentum__dbt_backup" cascade
[0m11:00:17.329484 [debug] [Thread-1 (]: SQL status: DROP TABLE in 0.003 seconds
[0m11:00:17.332070 [debug] [Thread-1 (]: On model.spotify_pipeline.mart_artist_momentum: Close
[0m11:00:17.333315 [debug] [Thread-1 (]: Sending event: {'category': 'dbt', 'action': 'run_model', 'label': '491e5ff0-7c82-45f2-a148-8da6d849edb4', 'context': [<snowplow_tracker.self_describing_json.SelfDescribingJson object at 0xffffaf91fc90>]}
[0m11:00:17.334505 [info ] [Thread-1 (]: 2 of 4 OK created sql table model analytics.mart_artist_momentum ............... [[32mSELECT 204[0m in 0.11s]
[0m11:00:17.335727 [debug] [Thread-1 (]: Finished running node model.spotify_pipeline.mart_artist_momentum
[0m11:00:17.336658 [debug] [Thread-1 (]: Began running node model.spotify_pipeline.mart_top_artists
[0m11:00:17.337414 [info ] [Thread-1 (]: 3 of 4 START sql table model analytics.mart_top_artists ........................ [RUN]
[0m11:00:17.338322 [debug] [Thread-1 (]: Re-using an available connection from the pool (formerly model.spotify_pipeline.mart_artist_momentum, now model.spotify_pipeline.mart_top_artists)
[0m11:00:17.338979 [debug] [Thread-1 (]: Began compiling node model.spotify_pipeline.mart_top_artists
[0m11:00:17.342613 [debug] [Thread-1 (]: Writing injected SQL for node "model.spotify_pipeline.mart_top_artists"
[0m11:00:17.344507 [debug] [Thread-1 (]: Began executing node model.spotify_pipeline.mart_top_artists
[0m11:00:17.351041 [debug] [Thread-1 (]: Writing runtime sql for node "model.spotify_pipeline.mart_top_artists"
[0m11:00:17.354005 [debug] [Thread-1 (]: Using postgres connection "model.spotify_pipeline.mart_top_artists"
[0m11:00:17.355942 [debug] [Thread-1 (]: On model.spotify_pipeline.mart_top_artists: BEGIN
[0m11:00:17.356989 [debug] [Thread-1 (]: Opening a new connection, currently in state closed
[0m11:00:17.368503 [debug] [Thread-1 (]: SQL status: BEGIN in 0.012 seconds
[0m11:00:17.369911 [debug] [Thread-1 (]: Using postgres connection "model.spotify_pipeline.mart_top_artists"
[0m11:00:17.370622 [debug] [Thread-1 (]: On model.spotify_pipeline.mart_top_artists: /* {"app": "dbt", "dbt_version": "1.8.7", "profile_name": "spotify", "target_name": "dev", "node_id": "model.spotify_pipeline.mart_top_artists"} */

  
    

  create  table "spotify_db"."analytics"."mart_top_artists__dbt_tmp"
  
  
    as
  
  (
    SELECT
    fetch_date,
    country,
    artist_name,
    COUNT(DISTINCT track_id)   AS nb_tracks_in_top50,
    ROUND(AVG(popularity), 1)  AS avg_popularity
FROM "spotify_db"."analytics"."stg_tracks"
GROUP BY fetch_date, country, artist_name
ORDER BY fetch_date DESC, avg_popularity DESC
  );
  
[0m11:00:17.377109 [debug] [Thread-1 (]: SQL status: SELECT 204 in 0.006 seconds
[0m11:00:17.382829 [debug] [Thread-1 (]: Using postgres connection "model.spotify_pipeline.mart_top_artists"
[0m11:00:17.383533 [debug] [Thread-1 (]: On model.spotify_pipeline.mart_top_artists: /* {"app": "dbt", "dbt_version": "1.8.7", "profile_name": "spotify", "target_name": "dev", "node_id": "model.spotify_pipeline.mart_top_artists"} */
alter table "spotify_db"."analytics"."mart_top_artists" rename to "mart_top_artists__dbt_backup"
[0m11:00:17.385464 [debug] [Thread-1 (]: SQL status: ALTER TABLE in 0.001 seconds
[0m11:00:17.389798 [debug] [Thread-1 (]: Using postgres connection "model.spotify_pipeline.mart_top_artists"
[0m11:00:17.390525 [debug] [Thread-1 (]: On model.spotify_pipeline.mart_top_artists: /* {"app": "dbt", "dbt_version": "1.8.7", "profile_name": "spotify", "target_name": "dev", "node_id": "model.spotify_pipeline.mart_top_artists"} */
alter table "spotify_db"."analytics"."mart_top_artists__dbt_tmp" rename to "mart_top_artists"
[0m11:00:17.392160 [debug] [Thread-1 (]: SQL status: ALTER TABLE in 0.001 seconds
[0m11:00:17.394620 [debug] [Thread-1 (]: On model.spotify_pipeline.mart_top_artists: COMMIT
[0m11:00:17.395187 [debug] [Thread-1 (]: Using postgres connection "model.spotify_pipeline.mart_top_artists"
[0m11:00:17.395784 [debug] [Thread-1 (]: On model.spotify_pipeline.mart_top_artists: COMMIT
[0m11:00:17.397570 [debug] [Thread-1 (]: SQL status: COMMIT in 0.001 seconds
[0m11:00:17.400892 [debug] [Thread-1 (]: Applying DROP to: "spotify_db"."analytics"."mart_top_artists__dbt_backup"
[0m11:00:17.402062 [debug] [Thread-1 (]: Using postgres connection "model.spotify_pipeline.mart_top_artists"
[0m11:00:17.403875 [debug] [Thread-1 (]: On model.spotify_pipeline.mart_top_artists: /* {"app": "dbt", "dbt_version": "1.8.7", "profile_name": "spotify", "target_name": "dev", "node_id": "model.spotify_pipeline.mart_top_artists"} */
drop table if exists "spotify_db"."analytics"."mart_top_artists__dbt_backup" cascade
[0m11:00:17.406525 [debug] [Thread-1 (]: SQL status: DROP TABLE in 0.002 seconds
[0m11:00:17.410881 [debug] [Thread-1 (]: On model.spotify_pipeline.mart_top_artists: Close
[0m11:00:17.413434 [debug] [Thread-1 (]: Sending event: {'category': 'dbt', 'action': 'run_model', 'label': '491e5ff0-7c82-45f2-a148-8da6d849edb4', 'context': [<snowplow_tracker.self_describing_json.SelfDescribingJson object at 0xffffaf82cad0>]}
[0m11:00:17.415894 [info ] [Thread-1 (]: 3 of 4 OK created sql table model analytics.mart_top_artists ................... [[32mSELECT 204[0m in 0.07s]
[0m11:00:17.417477 [debug] [Thread-1 (]: Finished running node model.spotify_pipeline.mart_top_artists
[0m11:00:17.423208 [debug] [Thread-1 (]: Began running node model.spotify_pipeline.mart_top_tracks
[0m11:00:17.426856 [info ] [Thread-1 (]: 4 of 4 START sql table model analytics.mart_top_tracks ......................... [RUN]
[0m11:00:17.428656 [debug] [Thread-1 (]: Re-using an available connection from the pool (formerly model.spotify_pipeline.mart_top_artists, now model.spotify_pipeline.mart_top_tracks)
[0m11:00:17.431985 [debug] [Thread-1 (]: Began compiling node model.spotify_pipeline.mart_top_tracks
[0m11:00:17.445019 [debug] [Thread-1 (]: Writing injected SQL for node "model.spotify_pipeline.mart_top_tracks"
[0m11:00:17.449728 [debug] [Thread-1 (]: Began executing node model.spotify_pipeline.mart_top_tracks
[0m11:00:17.459494 [debug] [Thread-1 (]: Writing runtime sql for node "model.spotify_pipeline.mart_top_tracks"
[0m11:00:17.462911 [debug] [Thread-1 (]: Using postgres connection "model.spotify_pipeline.mart_top_tracks"
[0m11:00:17.463564 [debug] [Thread-1 (]: On model.spotify_pipeline.mart_top_tracks: BEGIN
[0m11:00:17.464302 [debug] [Thread-1 (]: Opening a new connection, currently in state closed
[0m11:00:17.484462 [debug] [Thread-1 (]: SQL status: BEGIN in 0.020 seconds
[0m11:00:17.485394 [debug] [Thread-1 (]: Using postgres connection "model.spotify_pipeline.mart_top_tracks"
[0m11:00:17.486333 [debug] [Thread-1 (]: On model.spotify_pipeline.mart_top_tracks: /* {"app": "dbt", "dbt_version": "1.8.7", "profile_name": "spotify", "target_name": "dev", "node_id": "model.spotify_pipeline.mart_top_tracks"} */

  
    

  create  table "spotify_db"."analytics"."mart_top_tracks__dbt_tmp"
  
  
    as
  
  (
    WITH ranked AS (
    SELECT
        fetch_date,
        country,
        track_name,
        artist_name,
        popularity,
        ROW_NUMBER() OVER (PARTITION BY country, fetch_date ORDER BY popularity DESC) AS rank
    FROM "spotify_db"."analytics"."stg_tracks"
)
SELECT *
FROM ranked
WHERE rank <= 10
ORDER BY fetch_date DESC, country, rank
  );
  
[0m11:00:17.493259 [debug] [Thread-1 (]: SQL status: SELECT 50 in 0.006 seconds
[0m11:00:17.497215 [debug] [Thread-1 (]: Using postgres connection "model.spotify_pipeline.mart_top_tracks"
[0m11:00:17.497902 [debug] [Thread-1 (]: On model.spotify_pipeline.mart_top_tracks: /* {"app": "dbt", "dbt_version": "1.8.7", "profile_name": "spotify", "target_name": "dev", "node_id": "model.spotify_pipeline.mart_top_tracks"} */
alter table "spotify_db"."analytics"."mart_top_tracks" rename to "mart_top_tracks__dbt_backup"
[0m11:00:17.498818 [debug] [Thread-1 (]: SQL status: ALTER TABLE in 0.000 seconds
[0m11:00:17.502980 [debug] [Thread-1 (]: Using postgres connection "model.spotify_pipeline.mart_top_tracks"
[0m11:00:17.503705 [debug] [Thread-1 (]: On model.spotify_pipeline.mart_top_tracks: /* {"app": "dbt", "dbt_version": "1.8.7", "profile_name": "spotify", "target_name": "dev", "node_id": "model.spotify_pipeline.mart_top_tracks"} */
alter table "spotify_db"."analytics"."mart_top_tracks__dbt_tmp" rename to "mart_top_tracks"
[0m11:00:17.504625 [debug] [Thread-1 (]: SQL status: ALTER TABLE in 0.000 seconds
[0m11:00:17.506419 [debug] [Thread-1 (]: On model.spotify_pipeline.mart_top_tracks: COMMIT
[0m11:00:17.506918 [debug] [Thread-1 (]: Using postgres connection "model.spotify_pipeline.mart_top_tracks"
[0m11:00:17.507382 [debug] [Thread-1 (]: On model.spotify_pipeline.mart_top_tracks: COMMIT
[0m11:00:17.508782 [debug] [Thread-1 (]: SQL status: COMMIT in 0.001 seconds
[0m11:00:17.511637 [debug] [Thread-1 (]: Applying DROP to: "spotify_db"."analytics"."mart_top_tracks__dbt_backup"
[0m11:00:17.512683 [debug] [Thread-1 (]: Using postgres connection "model.spotify_pipeline.mart_top_tracks"
[0m11:00:17.513338 [debug] [Thread-1 (]: On model.spotify_pipeline.mart_top_tracks: /* {"app": "dbt", "dbt_version": "1.8.7", "profile_name": "spotify", "target_name": "dev", "node_id": "model.spotify_pipeline.mart_top_tracks"} */
drop table if exists "spotify_db"."analytics"."mart_top_tracks__dbt_backup" cascade
[0m11:00:17.515254 [debug] [Thread-1 (]: SQL status: DROP TABLE in 0.001 seconds
[0m11:00:17.516807 [debug] [Thread-1 (]: On model.spotify_pipeline.mart_top_tracks: Close
[0m11:00:17.518466 [debug] [Thread-1 (]: Sending event: {'category': 'dbt', 'action': 'run_model', 'label': '491e5ff0-7c82-45f2-a148-8da6d849edb4', 'context': [<snowplow_tracker.self_describing_json.SelfDescribingJson object at 0xffffaf8683d0>]}
[0m11:00:17.520396 [info ] [Thread-1 (]: 4 of 4 OK created sql table model analytics.mart_top_tracks .................... [[32mSELECT 50[0m in 0.09s]
[0m11:00:17.524691 [debug] [Thread-1 (]: Finished running node model.spotify_pipeline.mart_top_tracks
[0m11:00:17.530949 [debug] [MainThread]: Using postgres connection "master"
[0m11:00:17.533802 [debug] [MainThread]: On master: BEGIN
[0m11:00:17.537600 [debug] [MainThread]: Opening a new connection, currently in state closed
[0m11:00:17.551140 [debug] [MainThread]: SQL status: BEGIN in 0.014 seconds
[0m11:00:17.552198 [debug] [MainThread]: On master: COMMIT
[0m11:00:17.553412 [debug] [MainThread]: Using postgres connection "master"
[0m11:00:17.554045 [debug] [MainThread]: On master: COMMIT
[0m11:00:17.554867 [debug] [MainThread]: SQL status: COMMIT in 0.000 seconds
[0m11:00:17.555749 [debug] [MainThread]: On master: Close
[0m11:00:17.557143 [debug] [MainThread]: Connection 'master' was properly closed.
[0m11:00:17.558042 [debug] [MainThread]: Connection 'model.spotify_pipeline.mart_top_tracks' was properly closed.
[0m11:00:17.558845 [info ] [MainThread]: 
[0m11:00:17.560142 [info ] [MainThread]: Finished running 1 view model, 3 table models in 0 hours 0 minutes and 0.58 seconds (0.58s).
[0m11:00:17.561616 [debug] [MainThread]: Command end result
[0m11:00:17.702908 [info ] [MainThread]: 
[0m11:00:17.703861 [info ] [MainThread]: [32mCompleted successfully[0m
[0m11:00:17.704615 [info ] [MainThread]: 
[0m11:00:17.705030 [info ] [MainThread]: Done. PASS=4 WARN=0 ERROR=0 SKIP=0 TOTAL=4
[0m11:00:17.706463 [debug] [MainThread]: Resource report: {"command_name": "run", "command_success": true, "command_wall_clock_time": 1.1711991, "process_user_time": 2.176544, "process_kernel_time": 0.464543, "process_mem_max_rss": "161524", "process_out_blocks": "1698", "process_in_blocks": "0"}
[0m11:00:17.707366 [debug] [MainThread]: Command `dbt run` succeeded at 11:00:17.707265 after 1.17 seconds
[0m11:00:17.707807 [debug] [MainThread]: Sending event: {'category': 'dbt', 'action': 'invocation', 'label': 'end', 'context': [<snowplow_tracker.self_describing_json.SelfDescribingJson object at 0xffffb5bed690>, <snowplow_tracker.self_describing_json.SelfDescribingJson object at 0xffffb5cad1d0>, <snowplow_tracker.self_describing_json.SelfDescribingJson object at 0xffffb5c3a750>]}
[0m11:00:17.708250 [debug] [MainThread]: Flushing usage events
[0m11:07:18.519211 [debug] [MainThread]: Sending event: {'category': 'dbt', 'action': 'invocation', 'label': 'start', 'context': [<snowplow_tracker.self_describing_json.SelfDescribingJson object at 0xffff8d51df50>, <snowplow_tracker.self_describing_json.SelfDescribingJson object at 0xffff8d899150>, <snowplow_tracker.self_describing_json.SelfDescribingJson object at 0xffff8e8c45d0>]}


============================== 11:07:18.526480 | 56876fe8-d920-437b-b2a2-e3ebb1bb08a1 ==============================
[0m11:07:18.526480 [info ] [MainThread]: Running with dbt=1.8.7
[0m11:07:18.527610 [debug] [MainThread]: running dbt with arguments {'printer_width': '80', 'indirect_selection': 'eager', 'log_cache_events': 'False', 'write_json': 'True', 'partial_parse': 'True', 'cache_selected_only': 'False', 'warn_error': 'None', 'debug': 'False', 'profiles_dir': '.', 'log_path': '/opt/airflow/dbt_project/logs', 'version_check': 'True', 'fail_fast': 'False', 'use_colors': 'True', 'use_experimental_parser': 'False', 'no_print': 'None', 'quiet': 'False', 'empty': 'False', 'log_format': 'default', 'static_parser': 'True', 'introspect': 'True', 'invocation_command': 'dbt run --profiles-dir .', 'target_path': 'None', 'warn_error_options': 'WarnErrorOptions(include=[], exclude=[])', 'send_anonymous_usage_stats': 'True'}
[0m11:07:18.652297 [debug] [MainThread]: Sending event: {'category': 'dbt', 'action': 'project_id', 'label': '56876fe8-d920-437b-b2a2-e3ebb1bb08a1', 'context': [<snowplow_tracker.self_describing_json.SelfDescribingJson object at 0xffff8ca25850>]}
[0m11:07:18.687089 [debug] [MainThread]: Sending event: {'category': 'dbt', 'action': 'adapter_info', 'label': '56876fe8-d920-437b-b2a2-e3ebb1bb08a1', 'context': [<snowplow_tracker.self_describing_json.SelfDescribingJson object at 0xffff8f2f8c50>]}
[0m11:07:18.687885 [info ] [MainThread]: Registered adapter: postgres=1.8.2
[0m11:07:18.737495 [debug] [MainThread]: checksum: 4af21dafb485259c48497ac86b711ddb1982f3d0f1c0ca4e09356de488b753c0, vars: {}, profile: , target: , version: 1.8.7
[0m11:07:18.804509 [debug] [MainThread]: Partial parsing enabled: 0 files deleted, 0 files added, 0 files changed.
[0m11:07:18.804972 [debug] [MainThread]: Partial parsing enabled, no changes found, skipping parsing
[0m11:07:18.824260 [debug] [MainThread]: Sending event: {'category': 'dbt', 'action': 'load_project', 'label': '56876fe8-d920-437b-b2a2-e3ebb1bb08a1', 'context': [<snowplow_tracker.self_describing_json.SelfDescribingJson object at 0xffff8c65af10>]}
[0m11:07:18.884301 [debug] [MainThread]: Sending event: {'category': 'dbt', 'action': 'resource_counts', 'label': '56876fe8-d920-437b-b2a2-e3ebb1bb08a1', 'context': [<snowplow_tracker.self_describing_json.SelfDescribingJson object at 0xffff8c5d0f10>]}
[0m11:07:18.884811 [info ] [MainThread]: Found 4 models, 428 macros
[0m11:07:18.885215 [debug] [MainThread]: Sending event: {'category': 'dbt', 'action': 'runnable_timing', 'label': '56876fe8-d920-437b-b2a2-e3ebb1bb08a1', 'context': [<snowplow_tracker.self_describing_json.SelfDescribingJson object at 0xffff8d899090>]}
[0m11:07:18.887232 [info ] [MainThread]: 
[0m11:07:18.887888 [debug] [MainThread]: Acquiring new postgres connection 'master'
[0m11:07:18.891312 [debug] [ThreadPool]: Acquiring new postgres connection 'list_spotify_db'
[0m11:07:18.918429 [debug] [ThreadPool]: Using postgres connection "list_spotify_db"
[0m11:07:18.918862 [debug] [ThreadPool]: On list_spotify_db: /* {"app": "dbt", "dbt_version": "1.8.7", "profile_name": "spotify", "target_name": "dev", "connection_name": "list_spotify_db"} */

    select distinct nspname from pg_namespace
  
[0m11:07:18.919199 [debug] [ThreadPool]: Opening a new connection, currently in state init
[0m11:07:18.926223 [debug] [ThreadPool]: SQL status: SELECT 6 in 0.007 seconds
[0m11:07:18.927210 [debug] [ThreadPool]: On list_spotify_db: Close
[0m11:07:18.928520 [debug] [ThreadPool]: Re-using an available connection from the pool (formerly list_spotify_db, now list_spotify_db_analytics)
[0m11:07:18.933416 [debug] [ThreadPool]: Using postgres connection "list_spotify_db_analytics"
[0m11:07:18.933741 [debug] [ThreadPool]: On list_spotify_db_analytics: BEGIN
[0m11:07:18.934048 [debug] [ThreadPool]: Opening a new connection, currently in state closed
[0m11:07:18.937986 [debug] [ThreadPool]: SQL status: BEGIN in 0.004 seconds
[0m11:07:18.938369 [debug] [ThreadPool]: Using postgres connection "list_spotify_db_analytics"
[0m11:07:18.938696 [debug] [ThreadPool]: On list_spotify_db_analytics: /* {"app": "dbt", "dbt_version": "1.8.7", "profile_name": "spotify", "target_name": "dev", "connection_name": "list_spotify_db_analytics"} */
select
      'spotify_db' as database,
      tablename as name,
      schemaname as schema,
      'table' as type
    from pg_tables
    where schemaname ilike 'analytics'
    union all
    select
      'spotify_db' as database,
      viewname as name,
      schemaname as schema,
      'view' as type
    from pg_views
    where schemaname ilike 'analytics'
    union all
    select
      'spotify_db' as database,
      matviewname as name,
      schemaname as schema,
      'materialized_view' as type
    from pg_matviews
    where schemaname ilike 'analytics'
  
[0m11:07:18.941503 [debug] [ThreadPool]: SQL status: SELECT 5 in 0.002 seconds
[0m11:07:18.942785 [debug] [ThreadPool]: On list_spotify_db_analytics: ROLLBACK
[0m11:07:18.943199 [debug] [ThreadPool]: On list_spotify_db_analytics: Close
[0m11:07:18.947486 [debug] [MainThread]: Using postgres connection "master"
[0m11:07:18.947915 [debug] [MainThread]: On master: BEGIN
[0m11:07:18.948238 [debug] [MainThread]: Opening a new connection, currently in state init
[0m11:07:18.952181 [debug] [MainThread]: SQL status: BEGIN in 0.004 seconds
[0m11:07:18.952488 [debug] [MainThread]: Using postgres connection "master"
[0m11:07:18.952822 [debug] [MainThread]: On master: /* {"app": "dbt", "dbt_version": "1.8.7", "profile_name": "spotify", "target_name": "dev", "connection_name": "master"} */
with relation as (
        select
            pg_rewrite.ev_class as class,
            pg_rewrite.oid as id
        from pg_rewrite
    ),
    class as (
        select
            oid as id,
            relname as name,
            relnamespace as schema,
            relkind as kind
        from pg_class
    ),
    dependency as (
        select distinct
            pg_depend.objid as id,
            pg_depend.refobjid as ref
        from pg_depend
    ),
    schema as (
        select
            pg_namespace.oid as id,
            pg_namespace.nspname as name
        from pg_namespace
        where nspname != 'information_schema' and nspname not like 'pg\_%'
    ),
    referenced as (
        select
            relation.id AS id,
            referenced_class.name ,
            referenced_class.schema ,
            referenced_class.kind
        from relation
        join class as referenced_class on relation.class=referenced_class.id
        where referenced_class.kind in ('r', 'v', 'm')
    ),
    relationships as (
        select
            referenced.name as referenced_name,
            referenced.schema as referenced_schema_id,
            dependent_class.name as dependent_name,
            dependent_class.schema as dependent_schema_id,
            referenced.kind as kind
        from referenced
        join dependency on referenced.id=dependency.id
        join class as dependent_class on dependency.ref=dependent_class.id
        where
            (referenced.name != dependent_class.name or
             referenced.schema != dependent_class.schema)
    )

    select
        referenced_schema.name as referenced_schema,
        relationships.referenced_name as referenced_name,
        dependent_schema.name as dependent_schema,
        relationships.dependent_name as dependent_name
    from relationships
    join schema as dependent_schema on relationships.dependent_schema_id=dependent_schema.id
    join schema as referenced_schema on relationships.referenced_schema_id=referenced_schema.id
    group by referenced_schema, referenced_name, dependent_schema, dependent_name
    order by referenced_schema, referenced_name, dependent_schema, dependent_name;
[0m11:07:18.969903 [debug] [MainThread]: SQL status: SELECT 1 in 0.017 seconds
[0m11:07:18.970956 [debug] [MainThread]: Sending event: {'category': 'dbt', 'action': 'runnable_timing', 'label': '56876fe8-d920-437b-b2a2-e3ebb1bb08a1', 'context': [<snowplow_tracker.self_describing_json.SelfDescribingJson object at 0xffff8e998390>]}
[0m11:07:18.971441 [debug] [MainThread]: On master: ROLLBACK
[0m11:07:18.971873 [debug] [MainThread]: Using postgres connection "master"
[0m11:07:18.972267 [debug] [MainThread]: On master: BEGIN
[0m11:07:18.972853 [debug] [MainThread]: SQL status: BEGIN in 0.000 seconds
[0m11:07:18.973153 [debug] [MainThread]: On master: COMMIT
[0m11:07:18.973413 [debug] [MainThread]: Using postgres connection "master"
[0m11:07:18.973731 [debug] [MainThread]: On master: COMMIT
[0m11:07:18.974142 [debug] [MainThread]: SQL status: COMMIT in 0.000 seconds
[0m11:07:18.974460 [debug] [MainThread]: On master: Close
[0m11:07:18.974867 [info ] [MainThread]: Concurrency: 1 threads (target='dev')
[0m11:07:18.975296 [info ] [MainThread]: 
[0m11:07:18.982238 [debug] [Thread-1 (]: Began running node model.spotify_pipeline.stg_tracks
[0m11:07:18.982792 [info ] [Thread-1 (]: 1 of 4 START sql view model analytics.stg_tracks ............................... [RUN]
[0m11:07:18.983380 [debug] [Thread-1 (]: Re-using an available connection from the pool (formerly list_spotify_db_analytics, now model.spotify_pipeline.stg_tracks)
[0m11:07:18.983748 [debug] [Thread-1 (]: Began compiling node model.spotify_pipeline.stg_tracks
[0m11:07:18.988274 [debug] [Thread-1 (]: Writing injected SQL for node "model.spotify_pipeline.stg_tracks"
[0m11:07:18.989573 [debug] [Thread-1 (]: Began executing node model.spotify_pipeline.stg_tracks
[0m11:07:19.014365 [debug] [Thread-1 (]: Writing runtime sql for node "model.spotify_pipeline.stg_tracks"
[0m11:07:19.015456 [debug] [Thread-1 (]: Using postgres connection "model.spotify_pipeline.stg_tracks"
[0m11:07:19.015849 [debug] [Thread-1 (]: On model.spotify_pipeline.stg_tracks: BEGIN
[0m11:07:19.016294 [debug] [Thread-1 (]: Opening a new connection, currently in state closed
[0m11:07:19.021336 [debug] [Thread-1 (]: SQL status: BEGIN in 0.005 seconds
[0m11:07:19.021673 [debug] [Thread-1 (]: Using postgres connection "model.spotify_pipeline.stg_tracks"
[0m11:07:19.022030 [debug] [Thread-1 (]: On model.spotify_pipeline.stg_tracks: /* {"app": "dbt", "dbt_version": "1.8.7", "profile_name": "spotify", "target_name": "dev", "node_id": "model.spotify_pipeline.stg_tracks"} */

  create view "spotify_db"."analytics"."stg_tracks__dbt_tmp"
    
    
  as (
    SELECT
    track_id,
    TRIM(track_name)                     AS track_name,
    TRIM(artist_name)                    AS artist_name,
    country,
    popularity::INT                      AS popularity,
    ROUND(duration_ms / 1000.0 / 60, 2) AS duration_min,
    fetch_date
FROM staging.raw_tracks
WHERE track_id IS NOT NULL
  );
[0m11:07:19.024317 [debug] [Thread-1 (]: SQL status: CREATE VIEW in 0.002 seconds
[0m11:07:19.028956 [debug] [Thread-1 (]: Using postgres connection "model.spotify_pipeline.stg_tracks"
[0m11:07:19.029270 [debug] [Thread-1 (]: On model.spotify_pipeline.stg_tracks: /* {"app": "dbt", "dbt_version": "1.8.7", "profile_name": "spotify", "target_name": "dev", "node_id": "model.spotify_pipeline.stg_tracks"} */
alter table "spotify_db"."analytics"."stg_tracks" rename to "stg_tracks__dbt_backup"
[0m11:07:19.029877 [debug] [Thread-1 (]: SQL status: ALTER TABLE in 0.000 seconds
[0m11:07:19.031972 [debug] [Thread-1 (]: Using postgres connection "model.spotify_pipeline.stg_tracks"
[0m11:07:19.032270 [debug] [Thread-1 (]: On model.spotify_pipeline.stg_tracks: /* {"app": "dbt", "dbt_version": "1.8.7", "profile_name": "spotify", "target_name": "dev", "node_id": "model.spotify_pipeline.stg_tracks"} */
alter table "spotify_db"."analytics"."stg_tracks__dbt_tmp" rename to "stg_tracks"
[0m11:07:19.032900 [debug] [Thread-1 (]: SQL status: ALTER TABLE in 0.000 seconds
[0m11:07:19.043807 [debug] [Thread-1 (]: On model.spotify_pipeline.stg_tracks: COMMIT
[0m11:07:19.044190 [debug] [Thread-1 (]: Using postgres connection "model.spotify_pipeline.stg_tracks"
[0m11:07:19.044552 [debug] [Thread-1 (]: On model.spotify_pipeline.stg_tracks: COMMIT
[0m11:07:19.045302 [debug] [Thread-1 (]: SQL status: COMMIT in 0.000 seconds
[0m11:07:19.049542 [debug] [Thread-1 (]: Applying DROP to: "spotify_db"."analytics"."stg_tracks__dbt_backup"
[0m11:07:19.052792 [debug] [Thread-1 (]: Using postgres connection "model.spotify_pipeline.stg_tracks"
[0m11:07:19.053111 [debug] [Thread-1 (]: On model.spotify_pipeline.stg_tracks: /* {"app": "dbt", "dbt_version": "1.8.7", "profile_name": "spotify", "target_name": "dev", "node_id": "model.spotify_pipeline.stg_tracks"} */
drop view if exists "spotify_db"."analytics"."stg_tracks__dbt_backup" cascade
[0m11:07:19.054517 [debug] [Thread-1 (]: SQL status: DROP VIEW in 0.001 seconds
[0m11:07:19.056289 [debug] [Thread-1 (]: On model.spotify_pipeline.stg_tracks: Close
[0m11:07:19.057366 [debug] [Thread-1 (]: Sending event: {'category': 'dbt', 'action': 'run_model', 'label': '56876fe8-d920-437b-b2a2-e3ebb1bb08a1', 'context': [<snowplow_tracker.self_describing_json.SelfDescribingJson object at 0xffff8bad4050>]}
[0m11:07:19.057915 [info ] [Thread-1 (]: 1 of 4 OK created sql view model analytics.stg_tracks .......................... [[32mCREATE VIEW[0m in 0.07s]
[0m11:07:19.058528 [debug] [Thread-1 (]: Finished running node model.spotify_pipeline.stg_tracks
[0m11:07:19.059374 [debug] [Thread-1 (]: Began running node model.spotify_pipeline.mart_artist_momentum
[0m11:07:19.059792 [info ] [Thread-1 (]: 2 of 4 START sql table model analytics.mart_artist_momentum .................... [RUN]
[0m11:07:19.060291 [debug] [Thread-1 (]: Re-using an available connection from the pool (formerly model.spotify_pipeline.stg_tracks, now model.spotify_pipeline.mart_artist_momentum)
[0m11:07:19.060596 [debug] [Thread-1 (]: Began compiling node model.spotify_pipeline.mart_artist_momentum
[0m11:07:19.062996 [debug] [Thread-1 (]: Writing injected SQL for node "model.spotify_pipeline.mart_artist_momentum"
[0m11:07:19.064274 [debug] [Thread-1 (]: Began executing node model.spotify_pipeline.mart_artist_momentum
[0m11:07:19.079534 [debug] [Thread-1 (]: Writing runtime sql for node "model.spotify_pipeline.mart_artist_momentum"
[0m11:07:19.080669 [debug] [Thread-1 (]: Using postgres connection "model.spotify_pipeline.mart_artist_momentum"
[0m11:07:19.081000 [debug] [Thread-1 (]: On model.spotify_pipeline.mart_artist_momentum: BEGIN
[0m11:07:19.081262 [debug] [Thread-1 (]: Opening a new connection, currently in state closed
[0m11:07:19.086014 [debug] [Thread-1 (]: SQL status: BEGIN in 0.005 seconds
[0m11:07:19.086333 [debug] [Thread-1 (]: Using postgres connection "model.spotify_pipeline.mart_artist_momentum"
[0m11:07:19.086622 [debug] [Thread-1 (]: On model.spotify_pipeline.mart_artist_momentum: /* {"app": "dbt", "dbt_version": "1.8.7", "profile_name": "spotify", "target_name": "dev", "node_id": "model.spotify_pipeline.mart_artist_momentum"} */

  
    

  create  table "spotify_db"."analytics"."mart_artist_momentum__dbt_tmp"
  
  
    as
  
  (
    WITH today AS (
    SELECT artist_name, country, ROUND(AVG(popularity), 1) AS pop_today
    FROM "spotify_db"."analytics"."stg_tracks"
    WHERE fetch_date = CURRENT_DATE
    GROUP BY artist_name, country
),
yesterday AS (
    SELECT artist_name, country, ROUND(AVG(popularity), 1) AS pop_yesterday
    FROM "spotify_db"."analytics"."stg_tracks"
    WHERE fetch_date = CURRENT_DATE - INTERVAL '1 day'
    GROUP BY artist_name, country
)
SELECT
    t.country,
    t.artist_name,
    t.pop_today,
    y.pop_yesterday,
    ROUND(t.pop_today - COALESCE(y.pop_yesterday, t.pop_today), 1) AS momentum_score
FROM today t
LEFT JOIN yesterday y ON t.artist_name = y.artist_name AND t.country = y.country
ORDER BY momentum_score DESC
  );
  
[0m11:07:19.091451 [debug] [Thread-1 (]: SQL status: SELECT 195 in 0.005 seconds
[0m11:07:19.093783 [debug] [Thread-1 (]: Using postgres connection "model.spotify_pipeline.mart_artist_momentum"
[0m11:07:19.094142 [debug] [Thread-1 (]: On model.spotify_pipeline.mart_artist_momentum: /* {"app": "dbt", "dbt_version": "1.8.7", "profile_name": "spotify", "target_name": "dev", "node_id": "model.spotify_pipeline.mart_artist_momentum"} */
alter table "spotify_db"."analytics"."mart_artist_momentum" rename to "mart_artist_momentum__dbt_backup"
[0m11:07:19.094729 [debug] [Thread-1 (]: SQL status: ALTER TABLE in 0.000 seconds
[0m11:07:19.096961 [debug] [Thread-1 (]: Using postgres connection "model.spotify_pipeline.mart_artist_momentum"
[0m11:07:19.097401 [debug] [Thread-1 (]: On model.spotify_pipeline.mart_artist_momentum: /* {"app": "dbt", "dbt_version": "1.8.7", "profile_name": "spotify", "target_name": "dev", "node_id": "model.spotify_pipeline.mart_artist_momentum"} */
alter table "spotify_db"."analytics"."mart_artist_momentum__dbt_tmp" rename to "mart_artist_momentum"
[0m11:07:19.097982 [debug] [Thread-1 (]: SQL status: ALTER TABLE in 0.000 seconds
[0m11:07:19.102477 [debug] [Thread-1 (]: On model.spotify_pipeline.mart_artist_momentum: COMMIT
[0m11:07:19.102836 [debug] [Thread-1 (]: Using postgres connection "model.spotify_pipeline.mart_artist_momentum"
[0m11:07:19.103164 [debug] [Thread-1 (]: On model.spotify_pipeline.mart_artist_momentum: COMMIT
[0m11:07:19.103966 [debug] [Thread-1 (]: SQL status: COMMIT in 0.000 seconds
[0m11:07:19.105634 [debug] [Thread-1 (]: Applying DROP to: "spotify_db"."analytics"."mart_artist_momentum__dbt_backup"
[0m11:07:19.107629 [debug] [Thread-1 (]: Using postgres connection "model.spotify_pipeline.mart_artist_momentum"
[0m11:07:19.107957 [debug] [Thread-1 (]: On model.spotify_pipeline.mart_artist_momentum: /* {"app": "dbt", "dbt_version": "1.8.7", "profile_name": "spotify", "target_name": "dev", "node_id": "model.spotify_pipeline.mart_artist_momentum"} */
drop table if exists "spotify_db"."analytics"."mart_artist_momentum__dbt_backup" cascade
[0m11:07:19.110054 [debug] [Thread-1 (]: SQL status: DROP TABLE in 0.002 seconds
[0m11:07:19.111494 [debug] [Thread-1 (]: On model.spotify_pipeline.mart_artist_momentum: Close
[0m11:07:19.112214 [debug] [Thread-1 (]: Sending event: {'category': 'dbt', 'action': 'run_model', 'label': '56876fe8-d920-437b-b2a2-e3ebb1bb08a1', 'context': [<snowplow_tracker.self_describing_json.SelfDescribingJson object at 0xffff8b9ec0d0>]}
[0m11:07:19.112790 [info ] [Thread-1 (]: 2 of 4 OK created sql table model analytics.mart_artist_momentum ............... [[32mSELECT 195[0m in 0.05s]
[0m11:07:19.113536 [debug] [Thread-1 (]: Finished running node model.spotify_pipeline.mart_artist_momentum
[0m11:07:19.113954 [debug] [Thread-1 (]: Began running node model.spotify_pipeline.mart_top_artists
[0m11:07:19.114467 [info ] [Thread-1 (]: 3 of 4 START sql table model analytics.mart_top_artists ........................ [RUN]
[0m11:07:19.115072 [debug] [Thread-1 (]: Re-using an available connection from the pool (formerly model.spotify_pipeline.mart_artist_momentum, now model.spotify_pipeline.mart_top_artists)
[0m11:07:19.115419 [debug] [Thread-1 (]: Began compiling node model.spotify_pipeline.mart_top_artists
[0m11:07:19.117603 [debug] [Thread-1 (]: Writing injected SQL for node "model.spotify_pipeline.mart_top_artists"
[0m11:07:19.118785 [debug] [Thread-1 (]: Began executing node model.spotify_pipeline.mart_top_artists
[0m11:07:19.122959 [debug] [Thread-1 (]: Writing runtime sql for node "model.spotify_pipeline.mart_top_artists"
[0m11:07:19.123959 [debug] [Thread-1 (]: Using postgres connection "model.spotify_pipeline.mart_top_artists"
[0m11:07:19.124296 [debug] [Thread-1 (]: On model.spotify_pipeline.mart_top_artists: BEGIN
[0m11:07:19.124610 [debug] [Thread-1 (]: Opening a new connection, currently in state closed
[0m11:07:19.129247 [debug] [Thread-1 (]: SQL status: BEGIN in 0.005 seconds
[0m11:07:19.129569 [debug] [Thread-1 (]: Using postgres connection "model.spotify_pipeline.mart_top_artists"
[0m11:07:19.130027 [debug] [Thread-1 (]: On model.spotify_pipeline.mart_top_artists: /* {"app": "dbt", "dbt_version": "1.8.7", "profile_name": "spotify", "target_name": "dev", "node_id": "model.spotify_pipeline.mart_top_artists"} */

  
    

  create  table "spotify_db"."analytics"."mart_top_artists__dbt_tmp"
  
  
    as
  
  (
    SELECT
    fetch_date,
    country,
    artist_name,
    COUNT(DISTINCT track_id)   AS nb_tracks_in_top50,
    ROUND(AVG(popularity), 1)  AS avg_popularity
FROM "spotify_db"."analytics"."stg_tracks"
GROUP BY fetch_date, country, artist_name
ORDER BY fetch_date DESC, avg_popularity DESC
  );
  
[0m11:07:19.138182 [debug] [Thread-1 (]: SQL status: SELECT 195 in 0.008 seconds
[0m11:07:19.141130 [debug] [Thread-1 (]: Using postgres connection "model.spotify_pipeline.mart_top_artists"
[0m11:07:19.141461 [debug] [Thread-1 (]: On model.spotify_pipeline.mart_top_artists: /* {"app": "dbt", "dbt_version": "1.8.7", "profile_name": "spotify", "target_name": "dev", "node_id": "model.spotify_pipeline.mart_top_artists"} */
alter table "spotify_db"."analytics"."mart_top_artists" rename to "mart_top_artists__dbt_backup"
[0m11:07:19.142036 [debug] [Thread-1 (]: SQL status: ALTER TABLE in 0.000 seconds
[0m11:07:19.144217 [debug] [Thread-1 (]: Using postgres connection "model.spotify_pipeline.mart_top_artists"
[0m11:07:19.144545 [debug] [Thread-1 (]: On model.spotify_pipeline.mart_top_artists: /* {"app": "dbt", "dbt_version": "1.8.7", "profile_name": "spotify", "target_name": "dev", "node_id": "model.spotify_pipeline.mart_top_artists"} */
alter table "spotify_db"."analytics"."mart_top_artists__dbt_tmp" rename to "mart_top_artists"
[0m11:07:19.149321 [debug] [Thread-1 (]: SQL status: ALTER TABLE in 0.004 seconds
[0m11:07:19.150502 [debug] [Thread-1 (]: On model.spotify_pipeline.mart_top_artists: COMMIT
[0m11:07:19.150799 [debug] [Thread-1 (]: Using postgres connection "model.spotify_pipeline.mart_top_artists"
[0m11:07:19.151084 [debug] [Thread-1 (]: On model.spotify_pipeline.mart_top_artists: COMMIT
[0m11:07:19.152015 [debug] [Thread-1 (]: SQL status: COMMIT in 0.001 seconds
[0m11:07:19.154174 [debug] [Thread-1 (]: Applying DROP to: "spotify_db"."analytics"."mart_top_artists__dbt_backup"
[0m11:07:19.154942 [debug] [Thread-1 (]: Using postgres connection "model.spotify_pipeline.mart_top_artists"
[0m11:07:19.155392 [debug] [Thread-1 (]: On model.spotify_pipeline.mart_top_artists: /* {"app": "dbt", "dbt_version": "1.8.7", "profile_name": "spotify", "target_name": "dev", "node_id": "model.spotify_pipeline.mart_top_artists"} */
drop table if exists "spotify_db"."analytics"."mart_top_artists__dbt_backup" cascade
[0m11:07:19.157040 [debug] [Thread-1 (]: SQL status: DROP TABLE in 0.001 seconds
[0m11:07:19.157978 [debug] [Thread-1 (]: On model.spotify_pipeline.mart_top_artists: Close
[0m11:07:19.158511 [debug] [Thread-1 (]: Sending event: {'category': 'dbt', 'action': 'run_model', 'label': '56876fe8-d920-437b-b2a2-e3ebb1bb08a1', 'context': [<snowplow_tracker.self_describing_json.SelfDescribingJson object at 0xffff8b857550>]}
[0m11:07:19.159100 [info ] [Thread-1 (]: 3 of 4 OK created sql table model analytics.mart_top_artists ................... [[32mSELECT 195[0m in 0.04s]
[0m11:07:19.159754 [debug] [Thread-1 (]: Finished running node model.spotify_pipeline.mart_top_artists
[0m11:07:19.160180 [debug] [Thread-1 (]: Began running node model.spotify_pipeline.mart_top_tracks
[0m11:07:19.160624 [info ] [Thread-1 (]: 4 of 4 START sql table model analytics.mart_top_tracks ......................... [RUN]
[0m11:07:19.161225 [debug] [Thread-1 (]: Re-using an available connection from the pool (formerly model.spotify_pipeline.mart_top_artists, now model.spotify_pipeline.mart_top_tracks)
[0m11:07:19.161577 [debug] [Thread-1 (]: Began compiling node model.spotify_pipeline.mart_top_tracks
[0m11:07:19.163630 [debug] [Thread-1 (]: Writing injected SQL for node "model.spotify_pipeline.mart_top_tracks"
[0m11:07:19.164880 [debug] [Thread-1 (]: Began executing node model.spotify_pipeline.mart_top_tracks
[0m11:07:19.168610 [debug] [Thread-1 (]: Writing runtime sql for node "model.spotify_pipeline.mart_top_tracks"
[0m11:07:19.170094 [debug] [Thread-1 (]: Using postgres connection "model.spotify_pipeline.mart_top_tracks"
[0m11:07:19.170447 [debug] [Thread-1 (]: On model.spotify_pipeline.mart_top_tracks: BEGIN
[0m11:07:19.170798 [debug] [Thread-1 (]: Opening a new connection, currently in state closed
[0m11:07:19.175765 [debug] [Thread-1 (]: SQL status: BEGIN in 0.005 seconds
[0m11:07:19.176200 [debug] [Thread-1 (]: Using postgres connection "model.spotify_pipeline.mart_top_tracks"
[0m11:07:19.176598 [debug] [Thread-1 (]: On model.spotify_pipeline.mart_top_tracks: /* {"app": "dbt", "dbt_version": "1.8.7", "profile_name": "spotify", "target_name": "dev", "node_id": "model.spotify_pipeline.mart_top_tracks"} */

  
    

  create  table "spotify_db"."analytics"."mart_top_tracks__dbt_tmp"
  
  
    as
  
  (
    WITH ranked AS (
    SELECT
        fetch_date,
        country,
        track_name,
        artist_name,
        popularity,
        ROW_NUMBER() OVER (PARTITION BY country, fetch_date ORDER BY popularity DESC) AS rank
    FROM "spotify_db"."analytics"."stg_tracks"
)
SELECT *
FROM ranked
WHERE rank <= 10
ORDER BY fetch_date DESC, country, rank
  );
  
[0m11:07:19.180831 [debug] [Thread-1 (]: SQL status: SELECT 50 in 0.004 seconds
[0m11:07:19.183860 [debug] [Thread-1 (]: Using postgres connection "model.spotify_pipeline.mart_top_tracks"
[0m11:07:19.184324 [debug] [Thread-1 (]: On model.spotify_pipeline.mart_top_tracks: /* {"app": "dbt", "dbt_version": "1.8.7", "profile_name": "spotify", "target_name": "dev", "node_id": "model.spotify_pipeline.mart_top_tracks"} */
alter table "spotify_db"."analytics"."mart_top_tracks" rename to "mart_top_tracks__dbt_backup"
[0m11:07:19.185149 [debug] [Thread-1 (]: SQL status: ALTER TABLE in 0.000 seconds
[0m11:07:19.187597 [debug] [Thread-1 (]: Using postgres connection "model.spotify_pipeline.mart_top_tracks"
[0m11:07:19.188013 [debug] [Thread-1 (]: On model.spotify_pipeline.mart_top_tracks: /* {"app": "dbt", "dbt_version": "1.8.7", "profile_name": "spotify", "target_name": "dev", "node_id": "model.spotify_pipeline.mart_top_tracks"} */
alter table "spotify_db"."analytics"."mart_top_tracks__dbt_tmp" rename to "mart_top_tracks"
[0m11:07:19.188608 [debug] [Thread-1 (]: SQL status: ALTER TABLE in 0.000 seconds
[0m11:07:19.189957 [debug] [Thread-1 (]: On model.spotify_pipeline.mart_top_tracks: COMMIT
[0m11:07:19.190288 [debug] [Thread-1 (]: Using postgres connection "model.spotify_pipeline.mart_top_tracks"
[0m11:07:19.190630 [debug] [Thread-1 (]: On model.spotify_pipeline.mart_top_tracks: COMMIT
[0m11:07:19.191524 [debug] [Thread-1 (]: SQL status: COMMIT in 0.001 seconds
[0m11:07:19.193592 [debug] [Thread-1 (]: Applying DROP to: "spotify_db"."analytics"."mart_top_tracks__dbt_backup"
[0m11:07:19.194304 [debug] [Thread-1 (]: Using postgres connection "model.spotify_pipeline.mart_top_tracks"
[0m11:07:19.194861 [debug] [Thread-1 (]: On model.spotify_pipeline.mart_top_tracks: /* {"app": "dbt", "dbt_version": "1.8.7", "profile_name": "spotify", "target_name": "dev", "node_id": "model.spotify_pipeline.mart_top_tracks"} */
drop table if exists "spotify_db"."analytics"."mart_top_tracks__dbt_backup" cascade
[0m11:07:19.196753 [debug] [Thread-1 (]: SQL status: DROP TABLE in 0.001 seconds
[0m11:07:19.199192 [debug] [Thread-1 (]: On model.spotify_pipeline.mart_top_tracks: Close
[0m11:07:19.200748 [debug] [Thread-1 (]: Sending event: {'category': 'dbt', 'action': 'run_model', 'label': '56876fe8-d920-437b-b2a2-e3ebb1bb08a1', 'context': [<snowplow_tracker.self_describing_json.SelfDescribingJson object at 0xffff8c6b1190>]}
[0m11:07:19.201794 [info ] [Thread-1 (]: 4 of 4 OK created sql table model analytics.mart_top_tracks .................... [[32mSELECT 50[0m in 0.04s]
[0m11:07:19.202454 [debug] [Thread-1 (]: Finished running node model.spotify_pipeline.mart_top_tracks
[0m11:07:19.203893 [debug] [MainThread]: Using postgres connection "master"
[0m11:07:19.204273 [debug] [MainThread]: On master: BEGIN
[0m11:07:19.204660 [debug] [MainThread]: Opening a new connection, currently in state closed
[0m11:07:19.209599 [debug] [MainThread]: SQL status: BEGIN in 0.005 seconds
[0m11:07:19.210053 [debug] [MainThread]: On master: COMMIT
[0m11:07:19.210390 [debug] [MainThread]: Using postgres connection "master"
[0m11:07:19.210708 [debug] [MainThread]: On master: COMMIT
[0m11:07:19.211089 [debug] [MainThread]: SQL status: COMMIT in 0.000 seconds
[0m11:07:19.211403 [debug] [MainThread]: On master: Close
[0m11:07:19.211845 [debug] [MainThread]: Connection 'master' was properly closed.
[0m11:07:19.212125 [debug] [MainThread]: Connection 'model.spotify_pipeline.mart_top_tracks' was properly closed.
[0m11:07:19.212511 [info ] [MainThread]: 
[0m11:07:19.213003 [info ] [MainThread]: Finished running 1 view model, 3 table models in 0 hours 0 minutes and 0.32 seconds (0.32s).
[0m11:07:19.214134 [debug] [MainThread]: Command end result
[0m11:07:19.284108 [info ] [MainThread]: 
[0m11:07:19.284754 [info ] [MainThread]: [32mCompleted successfully[0m
[0m11:07:19.285200 [info ] [MainThread]: 
[0m11:07:19.285672 [info ] [MainThread]: Done. PASS=4 WARN=0 ERROR=0 SKIP=0 TOTAL=4
[0m11:07:19.286712 [debug] [MainThread]: Resource report: {"command_name": "run", "command_success": true, "command_wall_clock_time": 0.80183923, "process_user_time": 2.093124, "process_kernel_time": 0.231013, "process_mem_max_rss": "119068", "process_out_blocks": "1698", "process_in_blocks": "0"}
[0m11:07:19.287174 [debug] [MainThread]: Command `dbt run` succeeded at 11:07:19.287099 after 0.80 seconds
[0m11:07:19.287547 [debug] [MainThread]: Sending event: {'category': 'dbt', 'action': 'invocation', 'label': 'end', 'context': [<snowplow_tracker.self_describing_json.SelfDescribingJson object at 0xffff91fb2750>, <snowplow_tracker.self_describing_json.SelfDescribingJson object at 0xffff91f2ec90>, <snowplow_tracker.self_describing_json.SelfDescribingJson object at 0xffff91f2e650>]}
[0m11:07:19.287922 [debug] [MainThread]: Flushing usage events
[0m12:00:16.120732 [debug] [MainThread]: Sending event: {'category': 'dbt', 'action': 'invocation', 'label': 'start', 'context': [<snowplow_tracker.self_describing_json.SelfDescribingJson object at 0xffff845afb50>, <snowplow_tracker.self_describing_json.SelfDescribingJson object at 0xffff847c1090>, <snowplow_tracker.self_describing_json.SelfDescribingJson object at 0xffff845af610>]}


============================== 12:00:16.128494 | f34fb3fa-03a3-4da4-b282-1f0c3c45e6e5 ==============================
[0m12:00:16.128494 [info ] [MainThread]: Running with dbt=1.8.7
[0m12:00:16.129015 [debug] [MainThread]: running dbt with arguments {'printer_width': '80', 'indirect_selection': 'eager', 'write_json': 'True', 'log_cache_events': 'False', 'partial_parse': 'True', 'cache_selected_only': 'False', 'profiles_dir': '.', 'debug': 'False', 'fail_fast': 'False', 'log_path': '/opt/airflow/dbt_project/logs', 'version_check': 'True', 'warn_error': 'None', 'use_colors': 'True', 'use_experimental_parser': 'False', 'empty': 'False', 'quiet': 'False', 'no_print': 'None', 'warn_error_options': 'WarnErrorOptions(include=[], exclude=[])', 'invocation_command': 'dbt run --profiles-dir .', 'log_format': 'default', 'introspect': 'True', 'target_path': 'None', 'static_parser': 'True', 'send_anonymous_usage_stats': 'True'}
[0m12:00:16.247352 [debug] [MainThread]: Sending event: {'category': 'dbt', 'action': 'project_id', 'label': 'f34fb3fa-03a3-4da4-b282-1f0c3c45e6e5', 'context': [<snowplow_tracker.self_describing_json.SelfDescribingJson object at 0xffff8460dbd0>]}
[0m12:00:16.282172 [debug] [MainThread]: Sending event: {'category': 'dbt', 'action': 'adapter_info', 'label': 'f34fb3fa-03a3-4da4-b282-1f0c3c45e6e5', 'context': [<snowplow_tracker.self_describing_json.SelfDescribingJson object at 0xffff863c4650>]}
[0m12:00:16.283380 [info ] [MainThread]: Registered adapter: postgres=1.8.2
[0m12:00:16.330970 [debug] [MainThread]: checksum: 4af21dafb485259c48497ac86b711ddb1982f3d0f1c0ca4e09356de488b753c0, vars: {}, profile: , target: , version: 1.8.7
[0m12:00:16.391174 [debug] [MainThread]: Partial parsing enabled: 0 files deleted, 0 files added, 0 files changed.
[0m12:00:16.391607 [debug] [MainThread]: Partial parsing enabled, no changes found, skipping parsing
[0m12:00:16.409895 [debug] [MainThread]: Sending event: {'category': 'dbt', 'action': 'load_project', 'label': 'f34fb3fa-03a3-4da4-b282-1f0c3c45e6e5', 'context': [<snowplow_tracker.self_describing_json.SelfDescribingJson object at 0xffff8372b950>]}
[0m12:00:16.470332 [debug] [MainThread]: Sending event: {'category': 'dbt', 'action': 'resource_counts', 'label': 'f34fb3fa-03a3-4da4-b282-1f0c3c45e6e5', 'context': [<snowplow_tracker.self_describing_json.SelfDescribingJson object at 0xffff836811d0>]}
[0m12:00:16.470857 [info ] [MainThread]: Found 4 models, 428 macros
[0m12:00:16.471221 [debug] [MainThread]: Sending event: {'category': 'dbt', 'action': 'runnable_timing', 'label': 'f34fb3fa-03a3-4da4-b282-1f0c3c45e6e5', 'context': [<snowplow_tracker.self_describing_json.SelfDescribingJson object at 0xffff83ac4210>]}
[0m12:00:16.472637 [info ] [MainThread]: 
[0m12:00:16.473163 [debug] [MainThread]: Acquiring new postgres connection 'master'
[0m12:00:16.476284 [debug] [ThreadPool]: Acquiring new postgres connection 'list_spotify_db'
[0m12:00:16.503955 [debug] [ThreadPool]: Using postgres connection "list_spotify_db"
[0m12:00:16.504423 [debug] [ThreadPool]: On list_spotify_db: /* {"app": "dbt", "dbt_version": "1.8.7", "profile_name": "spotify", "target_name": "dev", "connection_name": "list_spotify_db"} */

    select distinct nspname from pg_namespace
  
[0m12:00:16.504749 [debug] [ThreadPool]: Opening a new connection, currently in state init
[0m12:00:16.510696 [debug] [ThreadPool]: SQL status: SELECT 6 in 0.006 seconds
[0m12:00:16.511702 [debug] [ThreadPool]: On list_spotify_db: Close
[0m12:00:16.512935 [debug] [ThreadPool]: Re-using an available connection from the pool (formerly list_spotify_db, now list_spotify_db_analytics)
[0m12:00:16.517367 [debug] [ThreadPool]: Using postgres connection "list_spotify_db_analytics"
[0m12:00:16.517704 [debug] [ThreadPool]: On list_spotify_db_analytics: BEGIN
[0m12:00:16.518003 [debug] [ThreadPool]: Opening a new connection, currently in state closed
[0m12:00:16.521883 [debug] [ThreadPool]: SQL status: BEGIN in 0.004 seconds
[0m12:00:16.522245 [debug] [ThreadPool]: Using postgres connection "list_spotify_db_analytics"
[0m12:00:16.522575 [debug] [ThreadPool]: On list_spotify_db_analytics: /* {"app": "dbt", "dbt_version": "1.8.7", "profile_name": "spotify", "target_name": "dev", "connection_name": "list_spotify_db_analytics"} */
select
      'spotify_db' as database,
      tablename as name,
      schemaname as schema,
      'table' as type
    from pg_tables
    where schemaname ilike 'analytics'
    union all
    select
      'spotify_db' as database,
      viewname as name,
      schemaname as schema,
      'view' as type
    from pg_views
    where schemaname ilike 'analytics'
    union all
    select
      'spotify_db' as database,
      matviewname as name,
      schemaname as schema,
      'materialized_view' as type
    from pg_matviews
    where schemaname ilike 'analytics'
  
[0m12:00:16.525276 [debug] [ThreadPool]: SQL status: SELECT 5 in 0.002 seconds
[0m12:00:16.526297 [debug] [ThreadPool]: On list_spotify_db_analytics: ROLLBACK
[0m12:00:16.526694 [debug] [ThreadPool]: On list_spotify_db_analytics: Close
[0m12:00:16.530438 [debug] [MainThread]: Using postgres connection "master"
[0m12:00:16.530786 [debug] [MainThread]: On master: BEGIN
[0m12:00:16.531078 [debug] [MainThread]: Opening a new connection, currently in state init
[0m12:00:16.534921 [debug] [MainThread]: SQL status: BEGIN in 0.004 seconds
[0m12:00:16.535224 [debug] [MainThread]: Using postgres connection "master"
[0m12:00:16.535580 [debug] [MainThread]: On master: /* {"app": "dbt", "dbt_version": "1.8.7", "profile_name": "spotify", "target_name": "dev", "connection_name": "master"} */
with relation as (
        select
            pg_rewrite.ev_class as class,
            pg_rewrite.oid as id
        from pg_rewrite
    ),
    class as (
        select
            oid as id,
            relname as name,
            relnamespace as schema,
            relkind as kind
        from pg_class
    ),
    dependency as (
        select distinct
            pg_depend.objid as id,
            pg_depend.refobjid as ref
        from pg_depend
    ),
    schema as (
        select
            pg_namespace.oid as id,
            pg_namespace.nspname as name
        from pg_namespace
        where nspname != 'information_schema' and nspname not like 'pg\_%'
    ),
    referenced as (
        select
            relation.id AS id,
            referenced_class.name ,
            referenced_class.schema ,
            referenced_class.kind
        from relation
        join class as referenced_class on relation.class=referenced_class.id
        where referenced_class.kind in ('r', 'v', 'm')
    ),
    relationships as (
        select
            referenced.name as referenced_name,
            referenced.schema as referenced_schema_id,
            dependent_class.name as dependent_name,
            dependent_class.schema as dependent_schema_id,
            referenced.kind as kind
        from referenced
        join dependency on referenced.id=dependency.id
        join class as dependent_class on dependency.ref=dependent_class.id
        where
            (referenced.name != dependent_class.name or
             referenced.schema != dependent_class.schema)
    )

    select
        referenced_schema.name as referenced_schema,
        relationships.referenced_name as referenced_name,
        dependent_schema.name as dependent_schema,
        relationships.dependent_name as dependent_name
    from relationships
    join schema as dependent_schema on relationships.dependent_schema_id=dependent_schema.id
    join schema as referenced_schema on relationships.referenced_schema_id=referenced_schema.id
    group by referenced_schema, referenced_name, dependent_schema, dependent_name
    order by referenced_schema, referenced_name, dependent_schema, dependent_name;
[0m12:00:16.552314 [debug] [MainThread]: SQL status: SELECT 1 in 0.016 seconds
[0m12:00:16.553245 [debug] [MainThread]: Sending event: {'category': 'dbt', 'action': 'runnable_timing', 'label': 'f34fb3fa-03a3-4da4-b282-1f0c3c45e6e5', 'context': [<snowplow_tracker.self_describing_json.SelfDescribingJson object at 0xffff83774a50>]}
[0m12:00:16.553729 [debug] [MainThread]: On master: ROLLBACK
[0m12:00:16.554145 [debug] [MainThread]: Using postgres connection "master"
[0m12:00:16.554457 [debug] [MainThread]: On master: BEGIN
[0m12:00:16.554925 [debug] [MainThread]: SQL status: BEGIN in 0.000 seconds
[0m12:00:16.555225 [debug] [MainThread]: On master: COMMIT
[0m12:00:16.555540 [debug] [MainThread]: Using postgres connection "master"
[0m12:00:16.555823 [debug] [MainThread]: On master: COMMIT
[0m12:00:16.556454 [debug] [MainThread]: SQL status: COMMIT in 0.000 seconds
[0m12:00:16.556788 [debug] [MainThread]: On master: Close
[0m12:00:16.557237 [info ] [MainThread]: Concurrency: 1 threads (target='dev')
[0m12:00:16.557603 [info ] [MainThread]: 
[0m12:00:16.564573 [debug] [Thread-1 (]: Began running node model.spotify_pipeline.stg_tracks
[0m12:00:16.565168 [info ] [Thread-1 (]: 1 of 4 START sql view model analytics.stg_tracks ............................... [RUN]
[0m12:00:16.565676 [debug] [Thread-1 (]: Re-using an available connection from the pool (formerly list_spotify_db_analytics, now model.spotify_pipeline.stg_tracks)
[0m12:00:16.566059 [debug] [Thread-1 (]: Began compiling node model.spotify_pipeline.stg_tracks
[0m12:00:16.570771 [debug] [Thread-1 (]: Writing injected SQL for node "model.spotify_pipeline.stg_tracks"
[0m12:00:16.572000 [debug] [Thread-1 (]: Began executing node model.spotify_pipeline.stg_tracks
[0m12:00:16.597135 [debug] [Thread-1 (]: Writing runtime sql for node "model.spotify_pipeline.stg_tracks"
[0m12:00:16.598139 [debug] [Thread-1 (]: Using postgres connection "model.spotify_pipeline.stg_tracks"
[0m12:00:16.598505 [debug] [Thread-1 (]: On model.spotify_pipeline.stg_tracks: BEGIN
[0m12:00:16.598810 [debug] [Thread-1 (]: Opening a new connection, currently in state closed
[0m12:00:16.603130 [debug] [Thread-1 (]: SQL status: BEGIN in 0.004 seconds
[0m12:00:16.603517 [debug] [Thread-1 (]: Using postgres connection "model.spotify_pipeline.stg_tracks"
[0m12:00:16.603834 [debug] [Thread-1 (]: On model.spotify_pipeline.stg_tracks: /* {"app": "dbt", "dbt_version": "1.8.7", "profile_name": "spotify", "target_name": "dev", "node_id": "model.spotify_pipeline.stg_tracks"} */

  create view "spotify_db"."analytics"."stg_tracks__dbt_tmp"
    
    
  as (
    SELECT
    track_id,
    TRIM(track_name)                     AS track_name,
    TRIM(artist_name)                    AS artist_name,
    country,
    popularity::INT                      AS popularity,
    ROUND(duration_ms / 1000.0 / 60, 2) AS duration_min,
    fetch_date
FROM staging.raw_tracks
WHERE track_id IS NOT NULL
  );
[0m12:00:16.606408 [debug] [Thread-1 (]: SQL status: CREATE VIEW in 0.002 seconds
[0m12:00:16.611224 [debug] [Thread-1 (]: Using postgres connection "model.spotify_pipeline.stg_tracks"
[0m12:00:16.611607 [debug] [Thread-1 (]: On model.spotify_pipeline.stg_tracks: /* {"app": "dbt", "dbt_version": "1.8.7", "profile_name": "spotify", "target_name": "dev", "node_id": "model.spotify_pipeline.stg_tracks"} */
alter table "spotify_db"."analytics"."stg_tracks" rename to "stg_tracks__dbt_backup"
[0m12:00:16.612191 [debug] [Thread-1 (]: SQL status: ALTER TABLE in 0.000 seconds
[0m12:00:16.614339 [debug] [Thread-1 (]: Using postgres connection "model.spotify_pipeline.stg_tracks"
[0m12:00:16.614689 [debug] [Thread-1 (]: On model.spotify_pipeline.stg_tracks: /* {"app": "dbt", "dbt_version": "1.8.7", "profile_name": "spotify", "target_name": "dev", "node_id": "model.spotify_pipeline.stg_tracks"} */
alter table "spotify_db"."analytics"."stg_tracks__dbt_tmp" rename to "stg_tracks"
[0m12:00:16.615197 [debug] [Thread-1 (]: SQL status: ALTER TABLE in 0.000 seconds
[0m12:00:16.626445 [debug] [Thread-1 (]: On model.spotify_pipeline.stg_tracks: COMMIT
[0m12:00:16.626846 [debug] [Thread-1 (]: Using postgres connection "model.spotify_pipeline.stg_tracks"
[0m12:00:16.627209 [debug] [Thread-1 (]: On model.spotify_pipeline.stg_tracks: COMMIT
[0m12:00:16.629328 [debug] [Thread-1 (]: SQL status: COMMIT in 0.002 seconds
[0m12:00:16.634175 [debug] [Thread-1 (]: Applying DROP to: "spotify_db"."analytics"."stg_tracks__dbt_backup"
[0m12:00:16.637471 [debug] [Thread-1 (]: Using postgres connection "model.spotify_pipeline.stg_tracks"
[0m12:00:16.637784 [debug] [Thread-1 (]: On model.spotify_pipeline.stg_tracks: /* {"app": "dbt", "dbt_version": "1.8.7", "profile_name": "spotify", "target_name": "dev", "node_id": "model.spotify_pipeline.stg_tracks"} */
drop view if exists "spotify_db"."analytics"."stg_tracks__dbt_backup" cascade
[0m12:00:16.639190 [debug] [Thread-1 (]: SQL status: DROP VIEW in 0.001 seconds
[0m12:00:16.641039 [debug] [Thread-1 (]: On model.spotify_pipeline.stg_tracks: Close
[0m12:00:16.642243 [debug] [Thread-1 (]: Sending event: {'category': 'dbt', 'action': 'run_model', 'label': 'f34fb3fa-03a3-4da4-b282-1f0c3c45e6e5', 'context': [<snowplow_tracker.self_describing_json.SelfDescribingJson object at 0xffff8382b2d0>]}
[0m12:00:16.642822 [info ] [Thread-1 (]: 1 of 4 OK created sql view model analytics.stg_tracks .......................... [[32mCREATE VIEW[0m in 0.08s]
[0m12:00:16.643317 [debug] [Thread-1 (]: Finished running node model.spotify_pipeline.stg_tracks
[0m12:00:16.644108 [debug] [Thread-1 (]: Began running node model.spotify_pipeline.mart_artist_momentum
[0m12:00:16.644523 [info ] [Thread-1 (]: 2 of 4 START sql table model analytics.mart_artist_momentum .................... [RUN]
[0m12:00:16.644930 [debug] [Thread-1 (]: Re-using an available connection from the pool (formerly model.spotify_pipeline.stg_tracks, now model.spotify_pipeline.mart_artist_momentum)
[0m12:00:16.645224 [debug] [Thread-1 (]: Began compiling node model.spotify_pipeline.mart_artist_momentum
[0m12:00:16.647612 [debug] [Thread-1 (]: Writing injected SQL for node "model.spotify_pipeline.mart_artist_momentum"
[0m12:00:16.648506 [debug] [Thread-1 (]: Began executing node model.spotify_pipeline.mart_artist_momentum
[0m12:00:16.663698 [debug] [Thread-1 (]: Writing runtime sql for node "model.spotify_pipeline.mart_artist_momentum"
[0m12:00:16.664718 [debug] [Thread-1 (]: Using postgres connection "model.spotify_pipeline.mart_artist_momentum"
[0m12:00:16.665111 [debug] [Thread-1 (]: On model.spotify_pipeline.mart_artist_momentum: BEGIN
[0m12:00:16.665461 [debug] [Thread-1 (]: Opening a new connection, currently in state closed
[0m12:00:16.669695 [debug] [Thread-1 (]: SQL status: BEGIN in 0.004 seconds
[0m12:00:16.670046 [debug] [Thread-1 (]: Using postgres connection "model.spotify_pipeline.mart_artist_momentum"
[0m12:00:16.670553 [debug] [Thread-1 (]: On model.spotify_pipeline.mart_artist_momentum: /* {"app": "dbt", "dbt_version": "1.8.7", "profile_name": "spotify", "target_name": "dev", "node_id": "model.spotify_pipeline.mart_artist_momentum"} */

  
    

  create  table "spotify_db"."analytics"."mart_artist_momentum__dbt_tmp"
  
  
    as
  
  (
    WITH today AS (
    SELECT artist_name, country, ROUND(AVG(popularity), 1) AS pop_today
    FROM "spotify_db"."analytics"."stg_tracks"
    WHERE fetch_date = CURRENT_DATE
    GROUP BY artist_name, country
),
yesterday AS (
    SELECT artist_name, country, ROUND(AVG(popularity), 1) AS pop_yesterday
    FROM "spotify_db"."analytics"."stg_tracks"
    WHERE fetch_date = CURRENT_DATE - INTERVAL '1 day'
    GROUP BY artist_name, country
)
SELECT
    t.country,
    t.artist_name,
    t.pop_today,
    y.pop_yesterday,
    ROUND(t.pop_today - COALESCE(y.pop_yesterday, t.pop_today), 1) AS momentum_score
FROM today t
LEFT JOIN yesterday y ON t.artist_name = y.artist_name AND t.country = y.country
ORDER BY momentum_score DESC
  );
  
[0m12:00:16.675366 [debug] [Thread-1 (]: SQL status: SELECT 197 in 0.004 seconds
[0m12:00:16.680018 [debug] [Thread-1 (]: Using postgres connection "model.spotify_pipeline.mart_artist_momentum"
[0m12:00:16.680360 [debug] [Thread-1 (]: On model.spotify_pipeline.mart_artist_momentum: /* {"app": "dbt", "dbt_version": "1.8.7", "profile_name": "spotify", "target_name": "dev", "node_id": "model.spotify_pipeline.mart_artist_momentum"} */
alter table "spotify_db"."analytics"."mart_artist_momentum" rename to "mart_artist_momentum__dbt_backup"
[0m12:00:16.680828 [debug] [Thread-1 (]: SQL status: ALTER TABLE in 0.000 seconds
[0m12:00:16.682857 [debug] [Thread-1 (]: Using postgres connection "model.spotify_pipeline.mart_artist_momentum"
[0m12:00:16.683162 [debug] [Thread-1 (]: On model.spotify_pipeline.mart_artist_momentum: /* {"app": "dbt", "dbt_version": "1.8.7", "profile_name": "spotify", "target_name": "dev", "node_id": "model.spotify_pipeline.mart_artist_momentum"} */
alter table "spotify_db"."analytics"."mart_artist_momentum__dbt_tmp" rename to "mart_artist_momentum"
[0m12:00:16.683586 [debug] [Thread-1 (]: SQL status: ALTER TABLE in 0.000 seconds
[0m12:00:16.687048 [debug] [Thread-1 (]: On model.spotify_pipeline.mart_artist_momentum: COMMIT
[0m12:00:16.687410 [debug] [Thread-1 (]: Using postgres connection "model.spotify_pipeline.mart_artist_momentum"
[0m12:00:16.687729 [debug] [Thread-1 (]: On model.spotify_pipeline.mart_artist_momentum: COMMIT
[0m12:00:16.688517 [debug] [Thread-1 (]: SQL status: COMMIT in 0.000 seconds
[0m12:00:16.690167 [debug] [Thread-1 (]: Applying DROP to: "spotify_db"."analytics"."mart_artist_momentum__dbt_backup"
[0m12:00:16.692055 [debug] [Thread-1 (]: Using postgres connection "model.spotify_pipeline.mart_artist_momentum"
[0m12:00:16.692403 [debug] [Thread-1 (]: On model.spotify_pipeline.mart_artist_momentum: /* {"app": "dbt", "dbt_version": "1.8.7", "profile_name": "spotify", "target_name": "dev", "node_id": "model.spotify_pipeline.mart_artist_momentum"} */
drop table if exists "spotify_db"."analytics"."mart_artist_momentum__dbt_backup" cascade
[0m12:00:16.694699 [debug] [Thread-1 (]: SQL status: DROP TABLE in 0.002 seconds
[0m12:00:16.695661 [debug] [Thread-1 (]: On model.spotify_pipeline.mart_artist_momentum: Close
[0m12:00:16.696133 [debug] [Thread-1 (]: Sending event: {'category': 'dbt', 'action': 'run_model', 'label': 'f34fb3fa-03a3-4da4-b282-1f0c3c45e6e5', 'context': [<snowplow_tracker.self_describing_json.SelfDescribingJson object at 0xffff82921cd0>]}
[0m12:00:16.696632 [info ] [Thread-1 (]: 2 of 4 OK created sql table model analytics.mart_artist_momentum ............... [[32mSELECT 197[0m in 0.05s]
[0m12:00:16.697083 [debug] [Thread-1 (]: Finished running node model.spotify_pipeline.mart_artist_momentum
[0m12:00:16.697490 [debug] [Thread-1 (]: Began running node model.spotify_pipeline.mart_top_artists
[0m12:00:16.697930 [info ] [Thread-1 (]: 3 of 4 START sql table model analytics.mart_top_artists ........................ [RUN]
[0m12:00:16.698383 [debug] [Thread-1 (]: Re-using an available connection from the pool (formerly model.spotify_pipeline.mart_artist_momentum, now model.spotify_pipeline.mart_top_artists)
[0m12:00:16.698744 [debug] [Thread-1 (]: Began compiling node model.spotify_pipeline.mart_top_artists
[0m12:00:16.700702 [debug] [Thread-1 (]: Writing injected SQL for node "model.spotify_pipeline.mart_top_artists"
[0m12:00:16.701467 [debug] [Thread-1 (]: Began executing node model.spotify_pipeline.mart_top_artists
[0m12:00:16.705357 [debug] [Thread-1 (]: Writing runtime sql for node "model.spotify_pipeline.mart_top_artists"
[0m12:00:16.706160 [debug] [Thread-1 (]: Using postgres connection "model.spotify_pipeline.mart_top_artists"
[0m12:00:16.706695 [debug] [Thread-1 (]: On model.spotify_pipeline.mart_top_artists: BEGIN
[0m12:00:16.707035 [debug] [Thread-1 (]: Opening a new connection, currently in state closed
[0m12:00:16.711629 [debug] [Thread-1 (]: SQL status: BEGIN in 0.005 seconds
[0m12:00:16.711958 [debug] [Thread-1 (]: Using postgres connection "model.spotify_pipeline.mart_top_artists"
[0m12:00:16.712271 [debug] [Thread-1 (]: On model.spotify_pipeline.mart_top_artists: /* {"app": "dbt", "dbt_version": "1.8.7", "profile_name": "spotify", "target_name": "dev", "node_id": "model.spotify_pipeline.mart_top_artists"} */

  
    

  create  table "spotify_db"."analytics"."mart_top_artists__dbt_tmp"
  
  
    as
  
  (
    SELECT
    fetch_date,
    country,
    artist_name,
    COUNT(DISTINCT track_id)   AS nb_tracks_in_top50,
    ROUND(AVG(popularity), 1)  AS avg_popularity
FROM "spotify_db"."analytics"."stg_tracks"
GROUP BY fetch_date, country, artist_name
ORDER BY fetch_date DESC, avg_popularity DESC
  );
  
[0m12:00:16.718051 [debug] [Thread-1 (]: SQL status: SELECT 197 in 0.005 seconds
[0m12:00:16.720456 [debug] [Thread-1 (]: Using postgres connection "model.spotify_pipeline.mart_top_artists"
[0m12:00:16.720827 [debug] [Thread-1 (]: On model.spotify_pipeline.mart_top_artists: /* {"app": "dbt", "dbt_version": "1.8.7", "profile_name": "spotify", "target_name": "dev", "node_id": "model.spotify_pipeline.mart_top_artists"} */
alter table "spotify_db"."analytics"."mart_top_artists" rename to "mart_top_artists__dbt_backup"
[0m12:00:16.721322 [debug] [Thread-1 (]: SQL status: ALTER TABLE in 0.000 seconds
[0m12:00:16.723249 [debug] [Thread-1 (]: Using postgres connection "model.spotify_pipeline.mart_top_artists"
[0m12:00:16.723603 [debug] [Thread-1 (]: On model.spotify_pipeline.mart_top_artists: /* {"app": "dbt", "dbt_version": "1.8.7", "profile_name": "spotify", "target_name": "dev", "node_id": "model.spotify_pipeline.mart_top_artists"} */
alter table "spotify_db"."analytics"."mart_top_artists__dbt_tmp" rename to "mart_top_artists"
[0m12:00:16.724015 [debug] [Thread-1 (]: SQL status: ALTER TABLE in 0.000 seconds
[0m12:00:16.725197 [debug] [Thread-1 (]: On model.spotify_pipeline.mart_top_artists: COMMIT
[0m12:00:16.725541 [debug] [Thread-1 (]: Using postgres connection "model.spotify_pipeline.mart_top_artists"
[0m12:00:16.725831 [debug] [Thread-1 (]: On model.spotify_pipeline.mart_top_artists: COMMIT
[0m12:00:16.726461 [debug] [Thread-1 (]: SQL status: COMMIT in 0.000 seconds
[0m12:00:16.728054 [debug] [Thread-1 (]: Applying DROP to: "spotify_db"."analytics"."mart_top_artists__dbt_backup"
[0m12:00:16.728619 [debug] [Thread-1 (]: Using postgres connection "model.spotify_pipeline.mart_top_artists"
[0m12:00:16.728902 [debug] [Thread-1 (]: On model.spotify_pipeline.mart_top_artists: /* {"app": "dbt", "dbt_version": "1.8.7", "profile_name": "spotify", "target_name": "dev", "node_id": "model.spotify_pipeline.mart_top_artists"} */
drop table if exists "spotify_db"."analytics"."mart_top_artists__dbt_backup" cascade
[0m12:00:16.730913 [debug] [Thread-1 (]: SQL status: DROP TABLE in 0.002 seconds
[0m12:00:16.731778 [debug] [Thread-1 (]: On model.spotify_pipeline.mart_top_artists: Close
[0m12:00:16.732231 [debug] [Thread-1 (]: Sending event: {'category': 'dbt', 'action': 'run_model', 'label': 'f34fb3fa-03a3-4da4-b282-1f0c3c45e6e5', 'context': [<snowplow_tracker.self_describing_json.SelfDescribingJson object at 0xffff82b5ce50>]}
[0m12:00:16.732769 [info ] [Thread-1 (]: 3 of 4 OK created sql table model analytics.mart_top_artists ................... [[32mSELECT 197[0m in 0.03s]
[0m12:00:16.733247 [debug] [Thread-1 (]: Finished running node model.spotify_pipeline.mart_top_artists
[0m12:00:16.733637 [debug] [Thread-1 (]: Began running node model.spotify_pipeline.mart_top_tracks
[0m12:00:16.734103 [info ] [Thread-1 (]: 4 of 4 START sql table model analytics.mart_top_tracks ......................... [RUN]
[0m12:00:16.734498 [debug] [Thread-1 (]: Re-using an available connection from the pool (formerly model.spotify_pipeline.mart_top_artists, now model.spotify_pipeline.mart_top_tracks)
[0m12:00:16.734799 [debug] [Thread-1 (]: Began compiling node model.spotify_pipeline.mart_top_tracks
[0m12:00:16.736806 [debug] [Thread-1 (]: Writing injected SQL for node "model.spotify_pipeline.mart_top_tracks"
[0m12:00:16.737607 [debug] [Thread-1 (]: Began executing node model.spotify_pipeline.mart_top_tracks
[0m12:00:16.740383 [debug] [Thread-1 (]: Writing runtime sql for node "model.spotify_pipeline.mart_top_tracks"
[0m12:00:16.741286 [debug] [Thread-1 (]: Using postgres connection "model.spotify_pipeline.mart_top_tracks"
[0m12:00:16.741618 [debug] [Thread-1 (]: On model.spotify_pipeline.mart_top_tracks: BEGIN
[0m12:00:16.741900 [debug] [Thread-1 (]: Opening a new connection, currently in state closed
[0m12:00:16.745971 [debug] [Thread-1 (]: SQL status: BEGIN in 0.004 seconds
[0m12:00:16.746259 [debug] [Thread-1 (]: Using postgres connection "model.spotify_pipeline.mart_top_tracks"
[0m12:00:16.746547 [debug] [Thread-1 (]: On model.spotify_pipeline.mart_top_tracks: /* {"app": "dbt", "dbt_version": "1.8.7", "profile_name": "spotify", "target_name": "dev", "node_id": "model.spotify_pipeline.mart_top_tracks"} */

  
    

  create  table "spotify_db"."analytics"."mart_top_tracks__dbt_tmp"
  
  
    as
  
  (
    WITH ranked AS (
    SELECT
        fetch_date,
        country,
        track_name,
        artist_name,
        popularity,
        ROW_NUMBER() OVER (PARTITION BY country, fetch_date ORDER BY popularity DESC) AS rank
    FROM "spotify_db"."analytics"."stg_tracks"
)
SELECT *
FROM ranked
WHERE rank <= 10
ORDER BY fetch_date DESC, country, rank
  );
  
[0m12:00:16.750144 [debug] [Thread-1 (]: SQL status: SELECT 50 in 0.003 seconds
[0m12:00:16.752569 [debug] [Thread-1 (]: Using postgres connection "model.spotify_pipeline.mart_top_tracks"
[0m12:00:16.752888 [debug] [Thread-1 (]: On model.spotify_pipeline.mart_top_tracks: /* {"app": "dbt", "dbt_version": "1.8.7", "profile_name": "spotify", "target_name": "dev", "node_id": "model.spotify_pipeline.mart_top_tracks"} */
alter table "spotify_db"."analytics"."mart_top_tracks" rename to "mart_top_tracks__dbt_backup"
[0m12:00:16.753374 [debug] [Thread-1 (]: SQL status: ALTER TABLE in 0.000 seconds
[0m12:00:16.755420 [debug] [Thread-1 (]: Using postgres connection "model.spotify_pipeline.mart_top_tracks"
[0m12:00:16.755729 [debug] [Thread-1 (]: On model.spotify_pipeline.mart_top_tracks: /* {"app": "dbt", "dbt_version": "1.8.7", "profile_name": "spotify", "target_name": "dev", "node_id": "model.spotify_pipeline.mart_top_tracks"} */
alter table "spotify_db"."analytics"."mart_top_tracks__dbt_tmp" rename to "mart_top_tracks"
[0m12:00:16.756197 [debug] [Thread-1 (]: SQL status: ALTER TABLE in 0.000 seconds
[0m12:00:16.757391 [debug] [Thread-1 (]: On model.spotify_pipeline.mart_top_tracks: COMMIT
[0m12:00:16.757706 [debug] [Thread-1 (]: Using postgres connection "model.spotify_pipeline.mart_top_tracks"
[0m12:00:16.757978 [debug] [Thread-1 (]: On model.spotify_pipeline.mart_top_tracks: COMMIT
[0m12:00:16.758597 [debug] [Thread-1 (]: SQL status: COMMIT in 0.000 seconds
[0m12:00:16.760211 [debug] [Thread-1 (]: Applying DROP to: "spotify_db"."analytics"."mart_top_tracks__dbt_backup"
[0m12:00:16.760755 [debug] [Thread-1 (]: Using postgres connection "model.spotify_pipeline.mart_top_tracks"
[0m12:00:16.761033 [debug] [Thread-1 (]: On model.spotify_pipeline.mart_top_tracks: /* {"app": "dbt", "dbt_version": "1.8.7", "profile_name": "spotify", "target_name": "dev", "node_id": "model.spotify_pipeline.mart_top_tracks"} */
drop table if exists "spotify_db"."analytics"."mart_top_tracks__dbt_backup" cascade
[0m12:00:16.762089 [debug] [Thread-1 (]: SQL status: DROP TABLE in 0.001 seconds
[0m12:00:16.762959 [debug] [Thread-1 (]: On model.spotify_pipeline.mart_top_tracks: Close
[0m12:00:16.763433 [debug] [Thread-1 (]: Sending event: {'category': 'dbt', 'action': 'run_model', 'label': 'f34fb3fa-03a3-4da4-b282-1f0c3c45e6e5', 'context': [<snowplow_tracker.self_describing_json.SelfDescribingJson object at 0xffff8293f450>]}
[0m12:00:16.763913 [info ] [Thread-1 (]: 4 of 4 OK created sql table model analytics.mart_top_tracks .................... [[32mSELECT 50[0m in 0.03s]
[0m12:00:16.764370 [debug] [Thread-1 (]: Finished running node model.spotify_pipeline.mart_top_tracks
[0m12:00:16.765374 [debug] [MainThread]: Using postgres connection "master"
[0m12:00:16.765723 [debug] [MainThread]: On master: BEGIN
[0m12:00:16.765956 [debug] [MainThread]: Opening a new connection, currently in state closed
[0m12:00:16.769762 [debug] [MainThread]: SQL status: BEGIN in 0.004 seconds
[0m12:00:16.770058 [debug] [MainThread]: On master: COMMIT
[0m12:00:16.770355 [debug] [MainThread]: Using postgres connection "master"
[0m12:00:16.771252 [debug] [MainThread]: On master: COMMIT
[0m12:00:16.771633 [debug] [MainThread]: SQL status: COMMIT in 0.000 seconds
[0m12:00:16.771918 [debug] [MainThread]: On master: Close
[0m12:00:16.772271 [debug] [MainThread]: Connection 'master' was properly closed.
[0m12:00:16.772567 [debug] [MainThread]: Connection 'model.spotify_pipeline.mart_top_tracks' was properly closed.
[0m12:00:16.772935 [info ] [MainThread]: 
[0m12:00:16.773236 [info ] [MainThread]: Finished running 1 view model, 3 table models in 0 hours 0 minutes and 0.30 seconds (0.30s).
[0m12:00:16.774065 [debug] [MainThread]: Command end result
[0m12:00:16.841257 [info ] [MainThread]: 
[0m12:00:16.841715 [info ] [MainThread]: [32mCompleted successfully[0m
[0m12:00:16.841985 [info ] [MainThread]: 
[0m12:00:16.842259 [info ] [MainThread]: Done. PASS=4 WARN=0 ERROR=0 SKIP=0 TOTAL=4
[0m12:00:16.843025 [debug] [MainThread]: Resource report: {"command_name": "run", "command_success": true, "command_wall_clock_time": 0.75700426, "process_user_time": 1.877248, "process_kernel_time": 0.170294, "process_mem_max_rss": "161528", "process_out_blocks": "1698", "process_in_blocks": "0"}
[0m12:00:16.843505 [debug] [MainThread]: Command `dbt run` succeeded at 12:00:16.843407 after 0.76 seconds
[0m12:00:16.843857 [debug] [MainThread]: Sending event: {'category': 'dbt', 'action': 'invocation', 'label': 'end', 'context': [<snowplow_tracker.self_describing_json.SelfDescribingJson object at 0xffff88cdd690>, <snowplow_tracker.self_describing_json.SelfDescribingJson object at 0xffff847c1350>, <snowplow_tracker.self_describing_json.SelfDescribingJson object at 0xffff88d9d1d0>]}
[0m12:00:16.844214 [debug] [MainThread]: Flushing usage events
[0m13:10:02.309245 [debug] [MainThread]: Sending event: {'category': 'dbt', 'action': 'invocation', 'label': 'start', 'context': [<snowplow_tracker.self_describing_json.SelfDescribingJson object at 0xffffa787f550>, <snowplow_tracker.self_describing_json.SelfDescribingJson object at 0xffffa783fa10>, <snowplow_tracker.self_describing_json.SelfDescribingJson object at 0xffffa785e810>]}


============================== 13:10:02.317184 | 3b09e336-f07b-45b8-b049-7f53cf194edd ==============================
[0m13:10:02.317184 [info ] [MainThread]: Running with dbt=1.8.7
[0m13:10:02.317783 [debug] [MainThread]: running dbt with arguments {'printer_width': '80', 'indirect_selection': 'eager', 'write_json': 'True', 'log_cache_events': 'False', 'partial_parse': 'True', 'cache_selected_only': 'False', 'warn_error': 'None', 'version_check': 'True', 'debug': 'False', 'log_path': '/opt/airflow/dbt_project/logs', 'profiles_dir': '.', 'fail_fast': 'False', 'use_colors': 'True', 'use_experimental_parser': 'False', 'no_print': 'None', 'quiet': 'False', 'empty': 'False', 'log_format': 'default', 'introspect': 'True', 'static_parser': 'True', 'invocation_command': 'dbt run --profiles-dir .', 'target_path': 'None', 'warn_error_options': 'WarnErrorOptions(include=[], exclude=[])', 'send_anonymous_usage_stats': 'True'}
[0m13:10:02.439913 [debug] [MainThread]: Sending event: {'category': 'dbt', 'action': 'project_id', 'label': '3b09e336-f07b-45b8-b049-7f53cf194edd', 'context': [<snowplow_tracker.self_describing_json.SelfDescribingJson object at 0xffffa6d84cd0>]}
[0m13:10:02.474428 [debug] [MainThread]: Sending event: {'category': 'dbt', 'action': 'adapter_info', 'label': '3b09e336-f07b-45b8-b049-7f53cf194edd', 'context': [<snowplow_tracker.self_describing_json.SelfDescribingJson object at 0xffffa9658cd0>]}
[0m13:10:02.475151 [info ] [MainThread]: Registered adapter: postgres=1.8.2
[0m13:10:02.519557 [debug] [MainThread]: checksum: 4af21dafb485259c48497ac86b711ddb1982f3d0f1c0ca4e09356de488b753c0, vars: {}, profile: , target: , version: 1.8.7
[0m13:10:02.581118 [debug] [MainThread]: Partial parsing enabled: 0 files deleted, 0 files added, 0 files changed.
[0m13:10:02.581558 [debug] [MainThread]: Partial parsing enabled, no changes found, skipping parsing
[0m13:10:02.599425 [debug] [MainThread]: Sending event: {'category': 'dbt', 'action': 'load_project', 'label': '3b09e336-f07b-45b8-b049-7f53cf194edd', 'context': [<snowplow_tracker.self_describing_json.SelfDescribingJson object at 0xffffa6c0b490>]}
[0m13:10:02.659014 [debug] [MainThread]: Sending event: {'category': 'dbt', 'action': 'resource_counts', 'label': '3b09e336-f07b-45b8-b049-7f53cf194edd', 'context': [<snowplow_tracker.self_describing_json.SelfDescribingJson object at 0xffffa69310d0>]}
[0m13:10:02.659530 [info ] [MainThread]: Found 4 models, 428 macros
[0m13:10:02.659885 [debug] [MainThread]: Sending event: {'category': 'dbt', 'action': 'runnable_timing', 'label': '3b09e336-f07b-45b8-b049-7f53cf194edd', 'context': [<snowplow_tracker.self_describing_json.SelfDescribingJson object at 0xffffa6aed590>]}
[0m13:10:02.661221 [info ] [MainThread]: 
[0m13:10:02.661786 [debug] [MainThread]: Acquiring new postgres connection 'master'
[0m13:10:02.664951 [debug] [ThreadPool]: Acquiring new postgres connection 'list_spotify_db'
[0m13:10:02.694199 [debug] [ThreadPool]: Using postgres connection "list_spotify_db"
[0m13:10:02.694650 [debug] [ThreadPool]: On list_spotify_db: /* {"app": "dbt", "dbt_version": "1.8.7", "profile_name": "spotify", "target_name": "dev", "connection_name": "list_spotify_db"} */

    select distinct nspname from pg_namespace
  
[0m13:10:02.694964 [debug] [ThreadPool]: Opening a new connection, currently in state init
[0m13:10:02.700959 [debug] [ThreadPool]: SQL status: SELECT 6 in 0.006 seconds
[0m13:10:02.702036 [debug] [ThreadPool]: On list_spotify_db: Close
[0m13:10:02.703358 [debug] [ThreadPool]: Re-using an available connection from the pool (formerly list_spotify_db, now list_spotify_db_analytics)
[0m13:10:02.707866 [debug] [ThreadPool]: Using postgres connection "list_spotify_db_analytics"
[0m13:10:02.708289 [debug] [ThreadPool]: On list_spotify_db_analytics: BEGIN
[0m13:10:02.708625 [debug] [ThreadPool]: Opening a new connection, currently in state closed
[0m13:10:02.712788 [debug] [ThreadPool]: SQL status: BEGIN in 0.004 seconds
[0m13:10:02.713256 [debug] [ThreadPool]: Using postgres connection "list_spotify_db_analytics"
[0m13:10:02.713693 [debug] [ThreadPool]: On list_spotify_db_analytics: /* {"app": "dbt", "dbt_version": "1.8.7", "profile_name": "spotify", "target_name": "dev", "connection_name": "list_spotify_db_analytics"} */
select
      'spotify_db' as database,
      tablename as name,
      schemaname as schema,
      'table' as type
    from pg_tables
    where schemaname ilike 'analytics'
    union all
    select
      'spotify_db' as database,
      viewname as name,
      schemaname as schema,
      'view' as type
    from pg_views
    where schemaname ilike 'analytics'
    union all
    select
      'spotify_db' as database,
      matviewname as name,
      schemaname as schema,
      'materialized_view' as type
    from pg_matviews
    where schemaname ilike 'analytics'
  
[0m13:10:02.716171 [debug] [ThreadPool]: SQL status: SELECT 5 in 0.002 seconds
[0m13:10:02.717287 [debug] [ThreadPool]: On list_spotify_db_analytics: ROLLBACK
[0m13:10:02.717714 [debug] [ThreadPool]: On list_spotify_db_analytics: Close
[0m13:10:02.721613 [debug] [MainThread]: Using postgres connection "master"
[0m13:10:02.721980 [debug] [MainThread]: On master: BEGIN
[0m13:10:02.722284 [debug] [MainThread]: Opening a new connection, currently in state init
[0m13:10:02.726456 [debug] [MainThread]: SQL status: BEGIN in 0.004 seconds
[0m13:10:02.726783 [debug] [MainThread]: Using postgres connection "master"
[0m13:10:02.727165 [debug] [MainThread]: On master: /* {"app": "dbt", "dbt_version": "1.8.7", "profile_name": "spotify", "target_name": "dev", "connection_name": "master"} */
with relation as (
        select
            pg_rewrite.ev_class as class,
            pg_rewrite.oid as id
        from pg_rewrite
    ),
    class as (
        select
            oid as id,
            relname as name,
            relnamespace as schema,
            relkind as kind
        from pg_class
    ),
    dependency as (
        select distinct
            pg_depend.objid as id,
            pg_depend.refobjid as ref
        from pg_depend
    ),
    schema as (
        select
            pg_namespace.oid as id,
            pg_namespace.nspname as name
        from pg_namespace
        where nspname != 'information_schema' and nspname not like 'pg\_%'
    ),
    referenced as (
        select
            relation.id AS id,
            referenced_class.name ,
            referenced_class.schema ,
            referenced_class.kind
        from relation
        join class as referenced_class on relation.class=referenced_class.id
        where referenced_class.kind in ('r', 'v', 'm')
    ),
    relationships as (
        select
            referenced.name as referenced_name,
            referenced.schema as referenced_schema_id,
            dependent_class.name as dependent_name,
            dependent_class.schema as dependent_schema_id,
            referenced.kind as kind
        from referenced
        join dependency on referenced.id=dependency.id
        join class as dependent_class on dependency.ref=dependent_class.id
        where
            (referenced.name != dependent_class.name or
             referenced.schema != dependent_class.schema)
    )

    select
        referenced_schema.name as referenced_schema,
        relationships.referenced_name as referenced_name,
        dependent_schema.name as dependent_schema,
        relationships.dependent_name as dependent_name
    from relationships
    join schema as dependent_schema on relationships.dependent_schema_id=dependent_schema.id
    join schema as referenced_schema on relationships.referenced_schema_id=referenced_schema.id
    group by referenced_schema, referenced_name, dependent_schema, dependent_name
    order by referenced_schema, referenced_name, dependent_schema, dependent_name;
[0m13:10:02.745643 [debug] [MainThread]: SQL status: SELECT 1 in 0.018 seconds
[0m13:10:02.746700 [debug] [MainThread]: Sending event: {'category': 'dbt', 'action': 'runnable_timing', 'label': '3b09e336-f07b-45b8-b049-7f53cf194edd', 'context': [<snowplow_tracker.self_describing_json.SelfDescribingJson object at 0xffffa6cfc210>]}
[0m13:10:02.747144 [debug] [MainThread]: On master: ROLLBACK
[0m13:10:02.747663 [debug] [MainThread]: Using postgres connection "master"
[0m13:10:02.748019 [debug] [MainThread]: On master: BEGIN
[0m13:10:02.748603 [debug] [MainThread]: SQL status: BEGIN in 0.000 seconds
[0m13:10:02.748933 [debug] [MainThread]: On master: COMMIT
[0m13:10:02.749270 [debug] [MainThread]: Using postgres connection "master"
[0m13:10:02.749580 [debug] [MainThread]: On master: COMMIT
[0m13:10:02.750001 [debug] [MainThread]: SQL status: COMMIT in 0.000 seconds
[0m13:10:02.750313 [debug] [MainThread]: On master: Close
[0m13:10:02.750765 [info ] [MainThread]: Concurrency: 1 threads (target='dev')
[0m13:10:02.751115 [info ] [MainThread]: 
[0m13:10:02.758111 [debug] [Thread-1 (]: Began running node model.spotify_pipeline.stg_tracks
[0m13:10:02.758618 [info ] [Thread-1 (]: 1 of 4 START sql view model analytics.stg_tracks ............................... [RUN]
[0m13:10:02.759077 [debug] [Thread-1 (]: Re-using an available connection from the pool (formerly list_spotify_db_analytics, now model.spotify_pipeline.stg_tracks)
[0m13:10:02.759478 [debug] [Thread-1 (]: Began compiling node model.spotify_pipeline.stg_tracks
[0m13:10:02.764266 [debug] [Thread-1 (]: Writing injected SQL for node "model.spotify_pipeline.stg_tracks"
[0m13:10:02.765954 [debug] [Thread-1 (]: Began executing node model.spotify_pipeline.stg_tracks
[0m13:10:02.791403 [debug] [Thread-1 (]: Writing runtime sql for node "model.spotify_pipeline.stg_tracks"
[0m13:10:02.793134 [debug] [Thread-1 (]: Using postgres connection "model.spotify_pipeline.stg_tracks"
[0m13:10:02.793502 [debug] [Thread-1 (]: On model.spotify_pipeline.stg_tracks: BEGIN
[0m13:10:02.793830 [debug] [Thread-1 (]: Opening a new connection, currently in state closed
[0m13:10:02.798391 [debug] [Thread-1 (]: SQL status: BEGIN in 0.005 seconds
[0m13:10:02.798708 [debug] [Thread-1 (]: Using postgres connection "model.spotify_pipeline.stg_tracks"
[0m13:10:02.798993 [debug] [Thread-1 (]: On model.spotify_pipeline.stg_tracks: /* {"app": "dbt", "dbt_version": "1.8.7", "profile_name": "spotify", "target_name": "dev", "node_id": "model.spotify_pipeline.stg_tracks"} */

  create view "spotify_db"."analytics"."stg_tracks__dbt_tmp"
    
    
  as (
    SELECT
    track_id,
    TRIM(track_name)                     AS track_name,
    TRIM(artist_name)                    AS artist_name,
    country,
    popularity::INT                      AS popularity,
    ROUND(duration_ms / 1000.0 / 60, 2) AS duration_min,
    fetch_date
FROM staging.raw_tracks
WHERE track_id IS NOT NULL
  );
[0m13:10:02.801402 [debug] [Thread-1 (]: SQL status: CREATE VIEW in 0.002 seconds
[0m13:10:02.806408 [debug] [Thread-1 (]: Using postgres connection "model.spotify_pipeline.stg_tracks"
[0m13:10:02.806793 [debug] [Thread-1 (]: On model.spotify_pipeline.stg_tracks: /* {"app": "dbt", "dbt_version": "1.8.7", "profile_name": "spotify", "target_name": "dev", "node_id": "model.spotify_pipeline.stg_tracks"} */
alter table "spotify_db"."analytics"."stg_tracks" rename to "stg_tracks__dbt_backup"
[0m13:10:02.807444 [debug] [Thread-1 (]: SQL status: ALTER TABLE in 0.000 seconds
[0m13:10:02.809663 [debug] [Thread-1 (]: Using postgres connection "model.spotify_pipeline.stg_tracks"
[0m13:10:02.810019 [debug] [Thread-1 (]: On model.spotify_pipeline.stg_tracks: /* {"app": "dbt", "dbt_version": "1.8.7", "profile_name": "spotify", "target_name": "dev", "node_id": "model.spotify_pipeline.stg_tracks"} */
alter table "spotify_db"."analytics"."stg_tracks__dbt_tmp" rename to "stg_tracks"
[0m13:10:02.810602 [debug] [Thread-1 (]: SQL status: ALTER TABLE in 0.000 seconds
[0m13:10:02.822185 [debug] [Thread-1 (]: On model.spotify_pipeline.stg_tracks: COMMIT
[0m13:10:02.822648 [debug] [Thread-1 (]: Using postgres connection "model.spotify_pipeline.stg_tracks"
[0m13:10:02.823009 [debug] [Thread-1 (]: On model.spotify_pipeline.stg_tracks: COMMIT
[0m13:10:02.824334 [debug] [Thread-1 (]: SQL status: COMMIT in 0.001 seconds
[0m13:10:02.828589 [debug] [Thread-1 (]: Applying DROP to: "spotify_db"."analytics"."stg_tracks__dbt_backup"
[0m13:10:02.831914 [debug] [Thread-1 (]: Using postgres connection "model.spotify_pipeline.stg_tracks"
[0m13:10:02.832272 [debug] [Thread-1 (]: On model.spotify_pipeline.stg_tracks: /* {"app": "dbt", "dbt_version": "1.8.7", "profile_name": "spotify", "target_name": "dev", "node_id": "model.spotify_pipeline.stg_tracks"} */
drop view if exists "spotify_db"."analytics"."stg_tracks__dbt_backup" cascade
[0m13:10:02.833740 [debug] [Thread-1 (]: SQL status: DROP VIEW in 0.001 seconds
[0m13:10:02.835673 [debug] [Thread-1 (]: On model.spotify_pipeline.stg_tracks: Close
[0m13:10:02.836891 [debug] [Thread-1 (]: Sending event: {'category': 'dbt', 'action': 'run_model', 'label': '3b09e336-f07b-45b8-b049-7f53cf194edd', 'context': [<snowplow_tracker.self_describing_json.SelfDescribingJson object at 0xffffa5c728d0>]}
[0m13:10:02.837553 [info ] [Thread-1 (]: 1 of 4 OK created sql view model analytics.stg_tracks .......................... [[32mCREATE VIEW[0m in 0.08s]
[0m13:10:02.838051 [debug] [Thread-1 (]: Finished running node model.spotify_pipeline.stg_tracks
[0m13:10:02.838885 [debug] [Thread-1 (]: Began running node model.spotify_pipeline.mart_artist_momentum
[0m13:10:02.839309 [info ] [Thread-1 (]: 2 of 4 START sql table model analytics.mart_artist_momentum .................... [RUN]
[0m13:10:02.839692 [debug] [Thread-1 (]: Re-using an available connection from the pool (formerly model.spotify_pipeline.stg_tracks, now model.spotify_pipeline.mart_artist_momentum)
[0m13:10:02.839994 [debug] [Thread-1 (]: Began compiling node model.spotify_pipeline.mart_artist_momentum
[0m13:10:02.842221 [debug] [Thread-1 (]: Writing injected SQL for node "model.spotify_pipeline.mart_artist_momentum"
[0m13:10:02.843650 [debug] [Thread-1 (]: Began executing node model.spotify_pipeline.mart_artist_momentum
[0m13:10:02.858783 [debug] [Thread-1 (]: Writing runtime sql for node "model.spotify_pipeline.mart_artist_momentum"
[0m13:10:02.860036 [debug] [Thread-1 (]: Using postgres connection "model.spotify_pipeline.mart_artist_momentum"
[0m13:10:02.860383 [debug] [Thread-1 (]: On model.spotify_pipeline.mart_artist_momentum: BEGIN
[0m13:10:02.860732 [debug] [Thread-1 (]: Opening a new connection, currently in state closed
[0m13:10:02.865957 [debug] [Thread-1 (]: SQL status: BEGIN in 0.005 seconds
[0m13:10:02.866337 [debug] [Thread-1 (]: Using postgres connection "model.spotify_pipeline.mart_artist_momentum"
[0m13:10:02.866656 [debug] [Thread-1 (]: On model.spotify_pipeline.mart_artist_momentum: /* {"app": "dbt", "dbt_version": "1.8.7", "profile_name": "spotify", "target_name": "dev", "node_id": "model.spotify_pipeline.mart_artist_momentum"} */

  
    

  create  table "spotify_db"."analytics"."mart_artist_momentum__dbt_tmp"
  
  
    as
  
  (
    WITH today AS (
    SELECT artist_name, country, ROUND(AVG(popularity), 1) AS pop_today
    FROM "spotify_db"."analytics"."stg_tracks"
    WHERE fetch_date = CURRENT_DATE
    GROUP BY artist_name, country
),
yesterday AS (
    SELECT artist_name, country, ROUND(AVG(popularity), 1) AS pop_yesterday
    FROM "spotify_db"."analytics"."stg_tracks"
    WHERE fetch_date = CURRENT_DATE - INTERVAL '1 day'
    GROUP BY artist_name, country
)
SELECT
    t.country,
    t.artist_name,
    t.pop_today,
    y.pop_yesterday,
    ROUND(t.pop_today - COALESCE(y.pop_yesterday, t.pop_today), 1) AS momentum_score
FROM today t
LEFT JOIN yesterday y ON t.artist_name = y.artist_name AND t.country = y.country
ORDER BY momentum_score DESC
  );
  
[0m13:10:02.872716 [debug] [Thread-1 (]: SQL status: SELECT 199 in 0.006 seconds
[0m13:10:02.876007 [debug] [Thread-1 (]: Using postgres connection "model.spotify_pipeline.mart_artist_momentum"
[0m13:10:02.876400 [debug] [Thread-1 (]: On model.spotify_pipeline.mart_artist_momentum: /* {"app": "dbt", "dbt_version": "1.8.7", "profile_name": "spotify", "target_name": "dev", "node_id": "model.spotify_pipeline.mart_artist_momentum"} */
alter table "spotify_db"."analytics"."mart_artist_momentum" rename to "mart_artist_momentum__dbt_backup"
[0m13:10:02.876932 [debug] [Thread-1 (]: SQL status: ALTER TABLE in 0.000 seconds
[0m13:10:02.878951 [debug] [Thread-1 (]: Using postgres connection "model.spotify_pipeline.mart_artist_momentum"
[0m13:10:02.879347 [debug] [Thread-1 (]: On model.spotify_pipeline.mart_artist_momentum: /* {"app": "dbt", "dbt_version": "1.8.7", "profile_name": "spotify", "target_name": "dev", "node_id": "model.spotify_pipeline.mart_artist_momentum"} */
alter table "spotify_db"."analytics"."mart_artist_momentum__dbt_tmp" rename to "mart_artist_momentum"
[0m13:10:02.879943 [debug] [Thread-1 (]: SQL status: ALTER TABLE in 0.000 seconds
[0m13:10:02.883768 [debug] [Thread-1 (]: On model.spotify_pipeline.mart_artist_momentum: COMMIT
[0m13:10:02.884148 [debug] [Thread-1 (]: Using postgres connection "model.spotify_pipeline.mart_artist_momentum"
[0m13:10:02.884494 [debug] [Thread-1 (]: On model.spotify_pipeline.mart_artist_momentum: COMMIT
[0m13:10:02.885483 [debug] [Thread-1 (]: SQL status: COMMIT in 0.001 seconds
[0m13:10:02.887222 [debug] [Thread-1 (]: Applying DROP to: "spotify_db"."analytics"."mart_artist_momentum__dbt_backup"
[0m13:10:02.889338 [debug] [Thread-1 (]: Using postgres connection "model.spotify_pipeline.mart_artist_momentum"
[0m13:10:02.889730 [debug] [Thread-1 (]: On model.spotify_pipeline.mart_artist_momentum: /* {"app": "dbt", "dbt_version": "1.8.7", "profile_name": "spotify", "target_name": "dev", "node_id": "model.spotify_pipeline.mart_artist_momentum"} */
drop table if exists "spotify_db"."analytics"."mart_artist_momentum__dbt_backup" cascade
[0m13:10:02.891892 [debug] [Thread-1 (]: SQL status: DROP TABLE in 0.002 seconds
[0m13:10:02.892917 [debug] [Thread-1 (]: On model.spotify_pipeline.mart_artist_momentum: Close
[0m13:10:02.893549 [debug] [Thread-1 (]: Sending event: {'category': 'dbt', 'action': 'run_model', 'label': '3b09e336-f07b-45b8-b049-7f53cf194edd', 'context': [<snowplow_tracker.self_describing_json.SelfDescribingJson object at 0xffffaa712c90>]}
[0m13:10:02.894090 [info ] [Thread-1 (]: 2 of 4 OK created sql table model analytics.mart_artist_momentum ............... [[32mSELECT 199[0m in 0.05s]
[0m13:10:02.894693 [debug] [Thread-1 (]: Finished running node model.spotify_pipeline.mart_artist_momentum
[0m13:10:02.895101 [debug] [Thread-1 (]: Began running node model.spotify_pipeline.mart_top_artists
[0m13:10:02.895561 [info ] [Thread-1 (]: 3 of 4 START sql table model analytics.mart_top_artists ........................ [RUN]
[0m13:10:02.895950 [debug] [Thread-1 (]: Re-using an available connection from the pool (formerly model.spotify_pipeline.mart_artist_momentum, now model.spotify_pipeline.mart_top_artists)
[0m13:10:02.896267 [debug] [Thread-1 (]: Began compiling node model.spotify_pipeline.mart_top_artists
[0m13:10:02.898252 [debug] [Thread-1 (]: Writing injected SQL for node "model.spotify_pipeline.mart_top_artists"
[0m13:10:02.899779 [debug] [Thread-1 (]: Began executing node model.spotify_pipeline.mart_top_artists
[0m13:10:02.903750 [debug] [Thread-1 (]: Writing runtime sql for node "model.spotify_pipeline.mart_top_artists"
[0m13:10:02.904804 [debug] [Thread-1 (]: Using postgres connection "model.spotify_pipeline.mart_top_artists"
[0m13:10:02.905119 [debug] [Thread-1 (]: On model.spotify_pipeline.mart_top_artists: BEGIN
[0m13:10:02.905464 [debug] [Thread-1 (]: Opening a new connection, currently in state closed
[0m13:10:02.909606 [debug] [Thread-1 (]: SQL status: BEGIN in 0.004 seconds
[0m13:10:02.909910 [debug] [Thread-1 (]: Using postgres connection "model.spotify_pipeline.mart_top_artists"
[0m13:10:02.910245 [debug] [Thread-1 (]: On model.spotify_pipeline.mart_top_artists: /* {"app": "dbt", "dbt_version": "1.8.7", "profile_name": "spotify", "target_name": "dev", "node_id": "model.spotify_pipeline.mart_top_artists"} */

  
    

  create  table "spotify_db"."analytics"."mart_top_artists__dbt_tmp"
  
  
    as
  
  (
    SELECT
    fetch_date,
    country,
    artist_name,
    COUNT(DISTINCT track_id)   AS nb_tracks_in_top50,
    ROUND(AVG(popularity), 1)  AS avg_popularity
FROM "spotify_db"."analytics"."stg_tracks"
GROUP BY fetch_date, country, artist_name
ORDER BY fetch_date DESC, avg_popularity DESC
  );
  
[0m13:10:02.914459 [debug] [Thread-1 (]: SQL status: SELECT 199 in 0.004 seconds
[0m13:10:02.916673 [debug] [Thread-1 (]: Using postgres connection "model.spotify_pipeline.mart_top_artists"
[0m13:10:02.917035 [debug] [Thread-1 (]: On model.spotify_pipeline.mart_top_artists: /* {"app": "dbt", "dbt_version": "1.8.7", "profile_name": "spotify", "target_name": "dev", "node_id": "model.spotify_pipeline.mart_top_artists"} */
alter table "spotify_db"."analytics"."mart_top_artists" rename to "mart_top_artists__dbt_backup"
[0m13:10:02.917540 [debug] [Thread-1 (]: SQL status: ALTER TABLE in 0.000 seconds
[0m13:10:02.919593 [debug] [Thread-1 (]: Using postgres connection "model.spotify_pipeline.mart_top_artists"
[0m13:10:02.919904 [debug] [Thread-1 (]: On model.spotify_pipeline.mart_top_artists: /* {"app": "dbt", "dbt_version": "1.8.7", "profile_name": "spotify", "target_name": "dev", "node_id": "model.spotify_pipeline.mart_top_artists"} */
alter table "spotify_db"."analytics"."mart_top_artists__dbt_tmp" rename to "mart_top_artists"
[0m13:10:02.920391 [debug] [Thread-1 (]: SQL status: ALTER TABLE in 0.000 seconds
[0m13:10:02.921676 [debug] [Thread-1 (]: On model.spotify_pipeline.mart_top_artists: COMMIT
[0m13:10:02.921987 [debug] [Thread-1 (]: Using postgres connection "model.spotify_pipeline.mart_top_artists"
[0m13:10:02.922302 [debug] [Thread-1 (]: On model.spotify_pipeline.mart_top_artists: COMMIT
[0m13:10:02.922983 [debug] [Thread-1 (]: SQL status: COMMIT in 0.000 seconds
[0m13:10:02.924765 [debug] [Thread-1 (]: Applying DROP to: "spotify_db"."analytics"."mart_top_artists__dbt_backup"
[0m13:10:02.925466 [debug] [Thread-1 (]: Using postgres connection "model.spotify_pipeline.mart_top_artists"
[0m13:10:02.925809 [debug] [Thread-1 (]: On model.spotify_pipeline.mart_top_artists: /* {"app": "dbt", "dbt_version": "1.8.7", "profile_name": "spotify", "target_name": "dev", "node_id": "model.spotify_pipeline.mart_top_artists"} */
drop table if exists "spotify_db"."analytics"."mart_top_artists__dbt_backup" cascade
[0m13:10:02.927409 [debug] [Thread-1 (]: SQL status: DROP TABLE in 0.001 seconds
[0m13:10:02.928586 [debug] [Thread-1 (]: On model.spotify_pipeline.mart_top_artists: Close
[0m13:10:02.929215 [debug] [Thread-1 (]: Sending event: {'category': 'dbt', 'action': 'run_model', 'label': '3b09e336-f07b-45b8-b049-7f53cf194edd', 'context': [<snowplow_tracker.self_describing_json.SelfDescribingJson object at 0xffffa5bd8dd0>]}
[0m13:10:02.929884 [info ] [Thread-1 (]: 3 of 4 OK created sql table model analytics.mart_top_artists ................... [[32mSELECT 199[0m in 0.03s]
[0m13:10:02.930432 [debug] [Thread-1 (]: Finished running node model.spotify_pipeline.mart_top_artists
[0m13:10:02.930793 [debug] [Thread-1 (]: Began running node model.spotify_pipeline.mart_top_tracks
[0m13:10:02.931324 [info ] [Thread-1 (]: 4 of 4 START sql table model analytics.mart_top_tracks ......................... [RUN]
[0m13:10:02.931734 [debug] [Thread-1 (]: Re-using an available connection from the pool (formerly model.spotify_pipeline.mart_top_artists, now model.spotify_pipeline.mart_top_tracks)
[0m13:10:02.932086 [debug] [Thread-1 (]: Began compiling node model.spotify_pipeline.mart_top_tracks
[0m13:10:02.934190 [debug] [Thread-1 (]: Writing injected SQL for node "model.spotify_pipeline.mart_top_tracks"
[0m13:10:02.935420 [debug] [Thread-1 (]: Began executing node model.spotify_pipeline.mart_top_tracks
[0m13:10:02.937939 [debug] [Thread-1 (]: Writing runtime sql for node "model.spotify_pipeline.mart_top_tracks"
[0m13:10:02.939374 [debug] [Thread-1 (]: Using postgres connection "model.spotify_pipeline.mart_top_tracks"
[0m13:10:02.939715 [debug] [Thread-1 (]: On model.spotify_pipeline.mart_top_tracks: BEGIN
[0m13:10:02.939997 [debug] [Thread-1 (]: Opening a new connection, currently in state closed
[0m13:10:02.944656 [debug] [Thread-1 (]: SQL status: BEGIN in 0.005 seconds
[0m13:10:02.944982 [debug] [Thread-1 (]: Using postgres connection "model.spotify_pipeline.mart_top_tracks"
[0m13:10:02.945325 [debug] [Thread-1 (]: On model.spotify_pipeline.mart_top_tracks: /* {"app": "dbt", "dbt_version": "1.8.7", "profile_name": "spotify", "target_name": "dev", "node_id": "model.spotify_pipeline.mart_top_tracks"} */

  
    

  create  table "spotify_db"."analytics"."mart_top_tracks__dbt_tmp"
  
  
    as
  
  (
    WITH ranked AS (
    SELECT
        fetch_date,
        country,
        track_name,
        artist_name,
        popularity,
        ROW_NUMBER() OVER (PARTITION BY country, fetch_date ORDER BY popularity DESC) AS rank
    FROM "spotify_db"."analytics"."stg_tracks"
)
SELECT *
FROM ranked
WHERE rank <= 10
ORDER BY fetch_date DESC, country, rank
  );
  
[0m13:10:02.949775 [debug] [Thread-1 (]: SQL status: SELECT 50 in 0.004 seconds
[0m13:10:02.951963 [debug] [Thread-1 (]: Using postgres connection "model.spotify_pipeline.mart_top_tracks"
[0m13:10:02.952275 [debug] [Thread-1 (]: On model.spotify_pipeline.mart_top_tracks: /* {"app": "dbt", "dbt_version": "1.8.7", "profile_name": "spotify", "target_name": "dev", "node_id": "model.spotify_pipeline.mart_top_tracks"} */
alter table "spotify_db"."analytics"."mart_top_tracks" rename to "mart_top_tracks__dbt_backup"
[0m13:10:02.952713 [debug] [Thread-1 (]: SQL status: ALTER TABLE in 0.000 seconds
[0m13:10:02.954598 [debug] [Thread-1 (]: Using postgres connection "model.spotify_pipeline.mart_top_tracks"
[0m13:10:02.954895 [debug] [Thread-1 (]: On model.spotify_pipeline.mart_top_tracks: /* {"app": "dbt", "dbt_version": "1.8.7", "profile_name": "spotify", "target_name": "dev", "node_id": "model.spotify_pipeline.mart_top_tracks"} */
alter table "spotify_db"."analytics"."mart_top_tracks__dbt_tmp" rename to "mart_top_tracks"
[0m13:10:02.955382 [debug] [Thread-1 (]: SQL status: ALTER TABLE in 0.000 seconds
[0m13:10:02.957046 [debug] [Thread-1 (]: On model.spotify_pipeline.mart_top_tracks: COMMIT
[0m13:10:02.957557 [debug] [Thread-1 (]: Using postgres connection "model.spotify_pipeline.mart_top_tracks"
[0m13:10:02.957859 [debug] [Thread-1 (]: On model.spotify_pipeline.mart_top_tracks: COMMIT
[0m13:10:02.958513 [debug] [Thread-1 (]: SQL status: COMMIT in 0.000 seconds
[0m13:10:02.960480 [debug] [Thread-1 (]: Applying DROP to: "spotify_db"."analytics"."mart_top_tracks__dbt_backup"
[0m13:10:02.961039 [debug] [Thread-1 (]: Using postgres connection "model.spotify_pipeline.mart_top_tracks"
[0m13:10:02.961341 [debug] [Thread-1 (]: On model.spotify_pipeline.mart_top_tracks: /* {"app": "dbt", "dbt_version": "1.8.7", "profile_name": "spotify", "target_name": "dev", "node_id": "model.spotify_pipeline.mart_top_tracks"} */
drop table if exists "spotify_db"."analytics"."mart_top_tracks__dbt_backup" cascade
[0m13:10:02.962413 [debug] [Thread-1 (]: SQL status: DROP TABLE in 0.001 seconds
[0m13:10:02.963325 [debug] [Thread-1 (]: On model.spotify_pipeline.mart_top_tracks: Close
[0m13:10:02.963787 [debug] [Thread-1 (]: Sending event: {'category': 'dbt', 'action': 'run_model', 'label': '3b09e336-f07b-45b8-b049-7f53cf194edd', 'context': [<snowplow_tracker.self_describing_json.SelfDescribingJson object at 0xffffa6955dd0>]}
[0m13:10:02.964279 [info ] [Thread-1 (]: 4 of 4 OK created sql table model analytics.mart_top_tracks .................... [[32mSELECT 50[0m in 0.03s]
[0m13:10:02.964790 [debug] [Thread-1 (]: Finished running node model.spotify_pipeline.mart_top_tracks
[0m13:10:02.965977 [debug] [MainThread]: Using postgres connection "master"
[0m13:10:02.966327 [debug] [MainThread]: On master: BEGIN
[0m13:10:02.966608 [debug] [MainThread]: Opening a new connection, currently in state closed
[0m13:10:02.970817 [debug] [MainThread]: SQL status: BEGIN in 0.004 seconds
[0m13:10:02.971086 [debug] [MainThread]: On master: COMMIT
[0m13:10:02.971337 [debug] [MainThread]: Using postgres connection "master"
[0m13:10:02.971587 [debug] [MainThread]: On master: COMMIT
[0m13:10:02.971897 [debug] [MainThread]: SQL status: COMMIT in 0.000 seconds
[0m13:10:02.972143 [debug] [MainThread]: On master: Close
[0m13:10:02.972557 [debug] [MainThread]: Connection 'master' was properly closed.
[0m13:10:02.972855 [debug] [MainThread]: Connection 'model.spotify_pipeline.mart_top_tracks' was properly closed.
[0m13:10:02.973219 [info ] [MainThread]: 
[0m13:10:02.973612 [info ] [MainThread]: Finished running 1 view model, 3 table models in 0 hours 0 minutes and 0.31 seconds (0.31s).
[0m13:10:02.974401 [debug] [MainThread]: Command end result
[0m13:10:03.041581 [info ] [MainThread]: 
[0m13:10:03.042057 [info ] [MainThread]: [32mCompleted successfully[0m
[0m13:10:03.042393 [info ] [MainThread]: 
[0m13:10:03.042720 [info ] [MainThread]: Done. PASS=4 WARN=0 ERROR=0 SKIP=0 TOTAL=4
[0m13:10:03.043537 [debug] [MainThread]: Resource report: {"command_name": "run", "command_success": true, "command_wall_clock_time": 0.767772, "process_user_time": 1.848776, "process_kernel_time": 0.186582, "process_mem_max_rss": "161544", "process_out_blocks": "1698", "process_in_blocks": "0"}
[0m13:10:03.043971 [debug] [MainThread]: Command `dbt run` succeeded at 13:10:03.043903 after 0.77 seconds
[0m13:10:03.044361 [debug] [MainThread]: Sending event: {'category': 'dbt', 'action': 'invocation', 'label': 'end', 'context': [<snowplow_tracker.self_describing_json.SelfDescribingJson object at 0xffffabf6d690>, <snowplow_tracker.self_describing_json.SelfDescribingJson object at 0xffffac02d1d0>, <snowplow_tracker.self_describing_json.SelfDescribingJson object at 0xffffabfba750>]}
[0m13:10:03.044750 [debug] [MainThread]: Flushing usage events
[0m14:00:15.942881 [debug] [MainThread]: Sending event: {'category': 'dbt', 'action': 'invocation', 'label': 'start', 'context': [<snowplow_tracker.self_describing_json.SelfDescribingJson object at 0xffffa2c3fd90>, <snowplow_tracker.self_describing_json.SelfDescribingJson object at 0xffffa7507110>, <snowplow_tracker.self_describing_json.SelfDescribingJson object at 0xffffa2c3f9d0>]}


============================== 14:00:15.952425 | 123f3335-2b0d-4411-8c88-2ac4aceba908 ==============================
[0m14:00:15.952425 [info ] [MainThread]: Running with dbt=1.8.7
[0m14:00:15.953254 [debug] [MainThread]: running dbt with arguments {'printer_width': '80', 'indirect_selection': 'eager', 'write_json': 'True', 'log_cache_events': 'False', 'partial_parse': 'True', 'cache_selected_only': 'False', 'warn_error': 'None', 'fail_fast': 'False', 'version_check': 'True', 'log_path': '/opt/airflow/dbt_project/logs', 'debug': 'False', 'profiles_dir': '.', 'use_colors': 'True', 'use_experimental_parser': 'False', 'empty': 'False', 'quiet': 'False', 'no_print': 'None', 'warn_error_options': 'WarnErrorOptions(include=[], exclude=[])', 'static_parser': 'True', 'log_format': 'default', 'invocation_command': 'dbt run --profiles-dir .', 'target_path': 'None', 'introspect': 'True', 'send_anonymous_usage_stats': 'True'}
[0m14:00:16.090355 [debug] [MainThread]: Sending event: {'category': 'dbt', 'action': 'project_id', 'label': '123f3335-2b0d-4411-8c88-2ac4aceba908', 'context': [<snowplow_tracker.self_describing_json.SelfDescribingJson object at 0xffffa2f06510>]}
[0m14:00:16.129253 [debug] [MainThread]: Sending event: {'category': 'dbt', 'action': 'adapter_info', 'label': '123f3335-2b0d-4411-8c88-2ac4aceba908', 'context': [<snowplow_tracker.self_describing_json.SelfDescribingJson object at 0xffffa4a58d10>]}
[0m14:00:16.130587 [info ] [MainThread]: Registered adapter: postgres=1.8.2
[0m14:00:16.185029 [debug] [MainThread]: checksum: 4af21dafb485259c48497ac86b711ddb1982f3d0f1c0ca4e09356de488b753c0, vars: {}, profile: , target: , version: 1.8.7
[0m14:00:16.251525 [debug] [MainThread]: Partial parsing enabled: 0 files deleted, 0 files added, 0 files changed.
[0m14:00:16.252170 [debug] [MainThread]: Partial parsing enabled, no changes found, skipping parsing
[0m14:00:16.271974 [debug] [MainThread]: Sending event: {'category': 'dbt', 'action': 'load_project', 'label': '123f3335-2b0d-4411-8c88-2ac4aceba908', 'context': [<snowplow_tracker.self_describing_json.SelfDescribingJson object at 0xffffa1df46d0>]}
[0m14:00:16.338755 [debug] [MainThread]: Sending event: {'category': 'dbt', 'action': 'resource_counts', 'label': '123f3335-2b0d-4411-8c88-2ac4aceba908', 'context': [<snowplow_tracker.self_describing_json.SelfDescribingJson object at 0xffffa1d11010>]}
[0m14:00:16.339323 [info ] [MainThread]: Found 4 models, 428 macros
[0m14:00:16.339703 [debug] [MainThread]: Sending event: {'category': 'dbt', 'action': 'runnable_timing', 'label': '123f3335-2b0d-4411-8c88-2ac4aceba908', 'context': [<snowplow_tracker.self_describing_json.SelfDescribingJson object at 0xffffa2155210>]}
[0m14:00:16.341408 [info ] [MainThread]: 
[0m14:00:16.342033 [debug] [MainThread]: Acquiring new postgres connection 'master'
[0m14:00:16.345711 [debug] [ThreadPool]: Acquiring new postgres connection 'list_spotify_db'
[0m14:00:16.377777 [debug] [ThreadPool]: Using postgres connection "list_spotify_db"
[0m14:00:16.378343 [debug] [ThreadPool]: On list_spotify_db: /* {"app": "dbt", "dbt_version": "1.8.7", "profile_name": "spotify", "target_name": "dev", "connection_name": "list_spotify_db"} */

    select distinct nspname from pg_namespace
  
[0m14:00:16.378691 [debug] [ThreadPool]: Opening a new connection, currently in state init
[0m14:00:16.386717 [debug] [ThreadPool]: SQL status: SELECT 6 in 0.008 seconds
[0m14:00:16.387937 [debug] [ThreadPool]: On list_spotify_db: Close
[0m14:00:16.389886 [debug] [ThreadPool]: Re-using an available connection from the pool (formerly list_spotify_db, now list_spotify_db_analytics)
[0m14:00:16.395856 [debug] [ThreadPool]: Using postgres connection "list_spotify_db_analytics"
[0m14:00:16.396275 [debug] [ThreadPool]: On list_spotify_db_analytics: BEGIN
[0m14:00:16.396596 [debug] [ThreadPool]: Opening a new connection, currently in state closed
[0m14:00:16.401194 [debug] [ThreadPool]: SQL status: BEGIN in 0.005 seconds
[0m14:00:16.401601 [debug] [ThreadPool]: Using postgres connection "list_spotify_db_analytics"
[0m14:00:16.401932 [debug] [ThreadPool]: On list_spotify_db_analytics: /* {"app": "dbt", "dbt_version": "1.8.7", "profile_name": "spotify", "target_name": "dev", "connection_name": "list_spotify_db_analytics"} */
select
      'spotify_db' as database,
      tablename as name,
      schemaname as schema,
      'table' as type
    from pg_tables
    where schemaname ilike 'analytics'
    union all
    select
      'spotify_db' as database,
      viewname as name,
      schemaname as schema,
      'view' as type
    from pg_views
    where schemaname ilike 'analytics'
    union all
    select
      'spotify_db' as database,
      matviewname as name,
      schemaname as schema,
      'materialized_view' as type
    from pg_matviews
    where schemaname ilike 'analytics'
  
[0m14:00:16.405094 [debug] [ThreadPool]: SQL status: SELECT 5 in 0.003 seconds
[0m14:00:16.406233 [debug] [ThreadPool]: On list_spotify_db_analytics: ROLLBACK
[0m14:00:16.406678 [debug] [ThreadPool]: On list_spotify_db_analytics: Close
[0m14:00:16.410905 [debug] [MainThread]: Using postgres connection "master"
[0m14:00:16.411331 [debug] [MainThread]: On master: BEGIN
[0m14:00:16.411649 [debug] [MainThread]: Opening a new connection, currently in state init
[0m14:00:16.416757 [debug] [MainThread]: SQL status: BEGIN in 0.005 seconds
[0m14:00:16.417331 [debug] [MainThread]: Using postgres connection "master"
[0m14:00:16.417724 [debug] [MainThread]: On master: /* {"app": "dbt", "dbt_version": "1.8.7", "profile_name": "spotify", "target_name": "dev", "connection_name": "master"} */
with relation as (
        select
            pg_rewrite.ev_class as class,
            pg_rewrite.oid as id
        from pg_rewrite
    ),
    class as (
        select
            oid as id,
            relname as name,
            relnamespace as schema,
            relkind as kind
        from pg_class
    ),
    dependency as (
        select distinct
            pg_depend.objid as id,
            pg_depend.refobjid as ref
        from pg_depend
    ),
    schema as (
        select
            pg_namespace.oid as id,
            pg_namespace.nspname as name
        from pg_namespace
        where nspname != 'information_schema' and nspname not like 'pg\_%'
    ),
    referenced as (
        select
            relation.id AS id,
            referenced_class.name ,
            referenced_class.schema ,
            referenced_class.kind
        from relation
        join class as referenced_class on relation.class=referenced_class.id
        where referenced_class.kind in ('r', 'v', 'm')
    ),
    relationships as (
        select
            referenced.name as referenced_name,
            referenced.schema as referenced_schema_id,
            dependent_class.name as dependent_name,
            dependent_class.schema as dependent_schema_id,
            referenced.kind as kind
        from referenced
        join dependency on referenced.id=dependency.id
        join class as dependent_class on dependency.ref=dependent_class.id
        where
            (referenced.name != dependent_class.name or
             referenced.schema != dependent_class.schema)
    )

    select
        referenced_schema.name as referenced_schema,
        relationships.referenced_name as referenced_name,
        dependent_schema.name as dependent_schema,
        relationships.dependent_name as dependent_name
    from relationships
    join schema as dependent_schema on relationships.dependent_schema_id=dependent_schema.id
    join schema as referenced_schema on relationships.referenced_schema_id=referenced_schema.id
    group by referenced_schema, referenced_name, dependent_schema, dependent_name
    order by referenced_schema, referenced_name, dependent_schema, dependent_name;
[0m14:00:16.441368 [debug] [MainThread]: SQL status: SELECT 1 in 0.023 seconds
[0m14:00:16.442513 [debug] [MainThread]: Sending event: {'category': 'dbt', 'action': 'runnable_timing', 'label': '123f3335-2b0d-4411-8c88-2ac4aceba908', 'context': [<snowplow_tracker.self_describing_json.SelfDescribingJson object at 0xffffa1d4a790>]}
[0m14:00:16.443055 [debug] [MainThread]: On master: ROLLBACK
[0m14:00:16.443581 [debug] [MainThread]: Using postgres connection "master"
[0m14:00:16.443932 [debug] [MainThread]: On master: BEGIN
[0m14:00:16.444475 [debug] [MainThread]: SQL status: BEGIN in 0.000 seconds
[0m14:00:16.444810 [debug] [MainThread]: On master: COMMIT
[0m14:00:16.445179 [debug] [MainThread]: Using postgres connection "master"
[0m14:00:16.445518 [debug] [MainThread]: On master: COMMIT
[0m14:00:16.445984 [debug] [MainThread]: SQL status: COMMIT in 0.000 seconds
[0m14:00:16.446333 [debug] [MainThread]: On master: Close
[0m14:00:16.446943 [info ] [MainThread]: Concurrency: 1 threads (target='dev')
[0m14:00:16.447405 [info ] [MainThread]: 
[0m14:00:16.455281 [debug] [Thread-1 (]: Began running node model.spotify_pipeline.stg_tracks
[0m14:00:16.455967 [info ] [Thread-1 (]: 1 of 4 START sql view model analytics.stg_tracks ............................... [RUN]
[0m14:00:16.456484 [debug] [Thread-1 (]: Re-using an available connection from the pool (formerly list_spotify_db_analytics, now model.spotify_pipeline.stg_tracks)
[0m14:00:16.456827 [debug] [Thread-1 (]: Began compiling node model.spotify_pipeline.stg_tracks
[0m14:00:16.461668 [debug] [Thread-1 (]: Writing injected SQL for node "model.spotify_pipeline.stg_tracks"
[0m14:00:16.463850 [debug] [Thread-1 (]: Began executing node model.spotify_pipeline.stg_tracks
[0m14:00:16.489029 [debug] [Thread-1 (]: Writing runtime sql for node "model.spotify_pipeline.stg_tracks"
[0m14:00:16.490726 [debug] [Thread-1 (]: Using postgres connection "model.spotify_pipeline.stg_tracks"
[0m14:00:16.491087 [debug] [Thread-1 (]: On model.spotify_pipeline.stg_tracks: BEGIN
[0m14:00:16.491411 [debug] [Thread-1 (]: Opening a new connection, currently in state closed
[0m14:00:16.495841 [debug] [Thread-1 (]: SQL status: BEGIN in 0.004 seconds
[0m14:00:16.496139 [debug] [Thread-1 (]: Using postgres connection "model.spotify_pipeline.stg_tracks"
[0m14:00:16.496467 [debug] [Thread-1 (]: On model.spotify_pipeline.stg_tracks: /* {"app": "dbt", "dbt_version": "1.8.7", "profile_name": "spotify", "target_name": "dev", "node_id": "model.spotify_pipeline.stg_tracks"} */

  create view "spotify_db"."analytics"."stg_tracks__dbt_tmp"
    
    
  as (
    SELECT
    track_id,
    TRIM(track_name)                     AS track_name,
    TRIM(artist_name)                    AS artist_name,
    country,
    popularity::INT                      AS popularity,
    ROUND(duration_ms / 1000.0 / 60, 2) AS duration_min,
    fetch_date
FROM staging.raw_tracks
WHERE track_id IS NOT NULL
  );
[0m14:00:16.501372 [debug] [Thread-1 (]: SQL status: CREATE VIEW in 0.005 seconds
[0m14:00:16.506339 [debug] [Thread-1 (]: Using postgres connection "model.spotify_pipeline.stg_tracks"
[0m14:00:16.506664 [debug] [Thread-1 (]: On model.spotify_pipeline.stg_tracks: /* {"app": "dbt", "dbt_version": "1.8.7", "profile_name": "spotify", "target_name": "dev", "node_id": "model.spotify_pipeline.stg_tracks"} */
alter table "spotify_db"."analytics"."stg_tracks" rename to "stg_tracks__dbt_backup"
[0m14:00:16.507275 [debug] [Thread-1 (]: SQL status: ALTER TABLE in 0.000 seconds
[0m14:00:16.509616 [debug] [Thread-1 (]: Using postgres connection "model.spotify_pipeline.stg_tracks"
[0m14:00:16.509994 [debug] [Thread-1 (]: On model.spotify_pipeline.stg_tracks: /* {"app": "dbt", "dbt_version": "1.8.7", "profile_name": "spotify", "target_name": "dev", "node_id": "model.spotify_pipeline.stg_tracks"} */
alter table "spotify_db"."analytics"."stg_tracks__dbt_tmp" rename to "stg_tracks"
[0m14:00:16.510556 [debug] [Thread-1 (]: SQL status: ALTER TABLE in 0.000 seconds
[0m14:00:16.522163 [debug] [Thread-1 (]: On model.spotify_pipeline.stg_tracks: COMMIT
[0m14:00:16.522651 [debug] [Thread-1 (]: Using postgres connection "model.spotify_pipeline.stg_tracks"
[0m14:00:16.523060 [debug] [Thread-1 (]: On model.spotify_pipeline.stg_tracks: COMMIT
[0m14:00:16.527766 [debug] [Thread-1 (]: SQL status: COMMIT in 0.004 seconds
[0m14:00:16.532568 [debug] [Thread-1 (]: Applying DROP to: "spotify_db"."analytics"."stg_tracks__dbt_backup"
[0m14:00:16.535976 [debug] [Thread-1 (]: Using postgres connection "model.spotify_pipeline.stg_tracks"
[0m14:00:16.536345 [debug] [Thread-1 (]: On model.spotify_pipeline.stg_tracks: /* {"app": "dbt", "dbt_version": "1.8.7", "profile_name": "spotify", "target_name": "dev", "node_id": "model.spotify_pipeline.stg_tracks"} */
drop view if exists "spotify_db"."analytics"."stg_tracks__dbt_backup" cascade
[0m14:00:16.537832 [debug] [Thread-1 (]: SQL status: DROP VIEW in 0.001 seconds
[0m14:00:16.540016 [debug] [Thread-1 (]: On model.spotify_pipeline.stg_tracks: Close
[0m14:00:16.541296 [debug] [Thread-1 (]: Sending event: {'category': 'dbt', 'action': 'run_model', 'label': '123f3335-2b0d-4411-8c88-2ac4aceba908', 'context': [<snowplow_tracker.self_describing_json.SelfDescribingJson object at 0xffffa1140e50>]}
[0m14:00:16.542025 [info ] [Thread-1 (]: 1 of 4 OK created sql view model analytics.stg_tracks .......................... [[32mCREATE VIEW[0m in 0.08s]
[0m14:00:16.542683 [debug] [Thread-1 (]: Finished running node model.spotify_pipeline.stg_tracks
[0m14:00:16.543892 [debug] [Thread-1 (]: Began running node model.spotify_pipeline.mart_artist_momentum
[0m14:00:16.544438 [info ] [Thread-1 (]: 2 of 4 START sql table model analytics.mart_artist_momentum .................... [RUN]
[0m14:00:16.544867 [debug] [Thread-1 (]: Re-using an available connection from the pool (formerly model.spotify_pipeline.stg_tracks, now model.spotify_pipeline.mart_artist_momentum)
[0m14:00:16.545205 [debug] [Thread-1 (]: Began compiling node model.spotify_pipeline.mart_artist_momentum
[0m14:00:16.547537 [debug] [Thread-1 (]: Writing injected SQL for node "model.spotify_pipeline.mart_artist_momentum"
[0m14:00:16.548989 [debug] [Thread-1 (]: Began executing node model.spotify_pipeline.mart_artist_momentum
[0m14:00:16.565736 [debug] [Thread-1 (]: Writing runtime sql for node "model.spotify_pipeline.mart_artist_momentum"
[0m14:00:16.567121 [debug] [Thread-1 (]: Using postgres connection "model.spotify_pipeline.mart_artist_momentum"
[0m14:00:16.567485 [debug] [Thread-1 (]: On model.spotify_pipeline.mart_artist_momentum: BEGIN
[0m14:00:16.567797 [debug] [Thread-1 (]: Opening a new connection, currently in state closed
[0m14:00:16.573148 [debug] [Thread-1 (]: SQL status: BEGIN in 0.005 seconds
[0m14:00:16.573601 [debug] [Thread-1 (]: Using postgres connection "model.spotify_pipeline.mart_artist_momentum"
[0m14:00:16.573997 [debug] [Thread-1 (]: On model.spotify_pipeline.mart_artist_momentum: /* {"app": "dbt", "dbt_version": "1.8.7", "profile_name": "spotify", "target_name": "dev", "node_id": "model.spotify_pipeline.mart_artist_momentum"} */

  
    

  create  table "spotify_db"."analytics"."mart_artist_momentum__dbt_tmp"
  
  
    as
  
  (
    WITH today AS (
    SELECT artist_name, country, ROUND(AVG(popularity), 1) AS pop_today
    FROM "spotify_db"."analytics"."stg_tracks"
    WHERE fetch_date = CURRENT_DATE
    GROUP BY artist_name, country
),
yesterday AS (
    SELECT artist_name, country, ROUND(AVG(popularity), 1) AS pop_yesterday
    FROM "spotify_db"."analytics"."stg_tracks"
    WHERE fetch_date = CURRENT_DATE - INTERVAL '1 day'
    GROUP BY artist_name, country
)
SELECT
    t.country,
    t.artist_name,
    t.pop_today,
    y.pop_yesterday,
    ROUND(t.pop_today - COALESCE(y.pop_yesterday, t.pop_today), 1) AS momentum_score
FROM today t
LEFT JOIN yesterday y ON t.artist_name = y.artist_name AND t.country = y.country
ORDER BY momentum_score DESC
  );
  
[0m14:00:16.579956 [debug] [Thread-1 (]: SQL status: SELECT 196 in 0.006 seconds
[0m14:00:16.583053 [debug] [Thread-1 (]: Using postgres connection "model.spotify_pipeline.mart_artist_momentum"
[0m14:00:16.583481 [debug] [Thread-1 (]: On model.spotify_pipeline.mart_artist_momentum: /* {"app": "dbt", "dbt_version": "1.8.7", "profile_name": "spotify", "target_name": "dev", "node_id": "model.spotify_pipeline.mart_artist_momentum"} */
alter table "spotify_db"."analytics"."mart_artist_momentum" rename to "mart_artist_momentum__dbt_backup"
[0m14:00:16.584149 [debug] [Thread-1 (]: SQL status: ALTER TABLE in 0.000 seconds
[0m14:00:16.586391 [debug] [Thread-1 (]: Using postgres connection "model.spotify_pipeline.mart_artist_momentum"
[0m14:00:16.586703 [debug] [Thread-1 (]: On model.spotify_pipeline.mart_artist_momentum: /* {"app": "dbt", "dbt_version": "1.8.7", "profile_name": "spotify", "target_name": "dev", "node_id": "model.spotify_pipeline.mart_artist_momentum"} */
alter table "spotify_db"."analytics"."mart_artist_momentum__dbt_tmp" rename to "mart_artist_momentum"
[0m14:00:16.587218 [debug] [Thread-1 (]: SQL status: ALTER TABLE in 0.000 seconds
[0m14:00:16.591127 [debug] [Thread-1 (]: On model.spotify_pipeline.mart_artist_momentum: COMMIT
[0m14:00:16.591454 [debug] [Thread-1 (]: Using postgres connection "model.spotify_pipeline.mart_artist_momentum"
[0m14:00:16.591760 [debug] [Thread-1 (]: On model.spotify_pipeline.mart_artist_momentum: COMMIT
[0m14:00:16.594486 [debug] [Thread-1 (]: SQL status: COMMIT in 0.002 seconds
[0m14:00:16.596125 [debug] [Thread-1 (]: Applying DROP to: "spotify_db"."analytics"."mart_artist_momentum__dbt_backup"
[0m14:00:16.598121 [debug] [Thread-1 (]: Using postgres connection "model.spotify_pipeline.mart_artist_momentum"
[0m14:00:16.598437 [debug] [Thread-1 (]: On model.spotify_pipeline.mart_artist_momentum: /* {"app": "dbt", "dbt_version": "1.8.7", "profile_name": "spotify", "target_name": "dev", "node_id": "model.spotify_pipeline.mart_artist_momentum"} */
drop table if exists "spotify_db"."analytics"."mart_artist_momentum__dbt_backup" cascade
[0m14:00:16.601247 [debug] [Thread-1 (]: SQL status: DROP TABLE in 0.003 seconds
[0m14:00:16.602394 [debug] [Thread-1 (]: On model.spotify_pipeline.mart_artist_momentum: Close
[0m14:00:16.603025 [debug] [Thread-1 (]: Sending event: {'category': 'dbt', 'action': 'run_model', 'label': '123f3335-2b0d-4411-8c88-2ac4aceba908', 'context': [<snowplow_tracker.self_describing_json.SelfDescribingJson object at 0xffffa114c490>]}
[0m14:00:16.603694 [info ] [Thread-1 (]: 2 of 4 OK created sql table model analytics.mart_artist_momentum ............... [[32mSELECT 196[0m in 0.06s]
[0m14:00:16.604744 [debug] [Thread-1 (]: Finished running node model.spotify_pipeline.mart_artist_momentum
[0m14:00:16.605242 [debug] [Thread-1 (]: Began running node model.spotify_pipeline.mart_top_artists
[0m14:00:16.605789 [info ] [Thread-1 (]: 3 of 4 START sql table model analytics.mart_top_artists ........................ [RUN]
[0m14:00:16.606196 [debug] [Thread-1 (]: Re-using an available connection from the pool (formerly model.spotify_pipeline.mart_artist_momentum, now model.spotify_pipeline.mart_top_artists)
[0m14:00:16.606557 [debug] [Thread-1 (]: Began compiling node model.spotify_pipeline.mart_top_artists
[0m14:00:16.608670 [debug] [Thread-1 (]: Writing injected SQL for node "model.spotify_pipeline.mart_top_artists"
[0m14:00:16.609913 [debug] [Thread-1 (]: Began executing node model.spotify_pipeline.mart_top_artists
[0m14:00:16.614785 [debug] [Thread-1 (]: Writing runtime sql for node "model.spotify_pipeline.mart_top_artists"
[0m14:00:16.615860 [debug] [Thread-1 (]: Using postgres connection "model.spotify_pipeline.mart_top_artists"
[0m14:00:16.616180 [debug] [Thread-1 (]: On model.spotify_pipeline.mart_top_artists: BEGIN
[0m14:00:16.616479 [debug] [Thread-1 (]: Opening a new connection, currently in state closed
[0m14:00:16.622522 [debug] [Thread-1 (]: SQL status: BEGIN in 0.006 seconds
[0m14:00:16.622883 [debug] [Thread-1 (]: Using postgres connection "model.spotify_pipeline.mart_top_artists"
[0m14:00:16.623223 [debug] [Thread-1 (]: On model.spotify_pipeline.mart_top_artists: /* {"app": "dbt", "dbt_version": "1.8.7", "profile_name": "spotify", "target_name": "dev", "node_id": "model.spotify_pipeline.mart_top_artists"} */

  
    

  create  table "spotify_db"."analytics"."mart_top_artists__dbt_tmp"
  
  
    as
  
  (
    SELECT
    fetch_date,
    country,
    artist_name,
    COUNT(DISTINCT track_id)   AS nb_tracks_in_top50,
    ROUND(AVG(popularity), 1)  AS avg_popularity
FROM "spotify_db"."analytics"."stg_tracks"
GROUP BY fetch_date, country, artist_name
ORDER BY fetch_date DESC, avg_popularity DESC
  );
  
[0m14:00:16.628509 [debug] [Thread-1 (]: SQL status: SELECT 196 in 0.005 seconds
[0m14:00:16.630956 [debug] [Thread-1 (]: Using postgres connection "model.spotify_pipeline.mart_top_artists"
[0m14:00:16.631329 [debug] [Thread-1 (]: On model.spotify_pipeline.mart_top_artists: /* {"app": "dbt", "dbt_version": "1.8.7", "profile_name": "spotify", "target_name": "dev", "node_id": "model.spotify_pipeline.mart_top_artists"} */
alter table "spotify_db"."analytics"."mart_top_artists" rename to "mart_top_artists__dbt_backup"
[0m14:00:16.631802 [debug] [Thread-1 (]: SQL status: ALTER TABLE in 0.000 seconds
[0m14:00:16.633724 [debug] [Thread-1 (]: Using postgres connection "model.spotify_pipeline.mart_top_artists"
[0m14:00:16.634055 [debug] [Thread-1 (]: On model.spotify_pipeline.mart_top_artists: /* {"app": "dbt", "dbt_version": "1.8.7", "profile_name": "spotify", "target_name": "dev", "node_id": "model.spotify_pipeline.mart_top_artists"} */
alter table "spotify_db"."analytics"."mart_top_artists__dbt_tmp" rename to "mart_top_artists"
[0m14:00:16.634591 [debug] [Thread-1 (]: SQL status: ALTER TABLE in 0.000 seconds
[0m14:00:16.635788 [debug] [Thread-1 (]: On model.spotify_pipeline.mart_top_artists: COMMIT
[0m14:00:16.636076 [debug] [Thread-1 (]: Using postgres connection "model.spotify_pipeline.mart_top_artists"
[0m14:00:16.636346 [debug] [Thread-1 (]: On model.spotify_pipeline.mart_top_artists: COMMIT
[0m14:00:16.637433 [debug] [Thread-1 (]: SQL status: COMMIT in 0.001 seconds
[0m14:00:16.639548 [debug] [Thread-1 (]: Applying DROP to: "spotify_db"."analytics"."mart_top_artists__dbt_backup"
[0m14:00:16.640245 [debug] [Thread-1 (]: Using postgres connection "model.spotify_pipeline.mart_top_artists"
[0m14:00:16.640584 [debug] [Thread-1 (]: On model.spotify_pipeline.mart_top_artists: /* {"app": "dbt", "dbt_version": "1.8.7", "profile_name": "spotify", "target_name": "dev", "node_id": "model.spotify_pipeline.mart_top_artists"} */
drop table if exists "spotify_db"."analytics"."mart_top_artists__dbt_backup" cascade
[0m14:00:16.641814 [debug] [Thread-1 (]: SQL status: DROP TABLE in 0.001 seconds
[0m14:00:16.642697 [debug] [Thread-1 (]: On model.spotify_pipeline.mart_top_artists: Close
[0m14:00:16.643186 [debug] [Thread-1 (]: Sending event: {'category': 'dbt', 'action': 'run_model', 'label': '123f3335-2b0d-4411-8c88-2ac4aceba908', 'context': [<snowplow_tracker.self_describing_json.SelfDescribingJson object at 0xffffa0feeed0>]}
[0m14:00:16.643824 [info ] [Thread-1 (]: 3 of 4 OK created sql table model analytics.mart_top_artists ................... [[32mSELECT 196[0m in 0.04s]
[0m14:00:16.644401 [debug] [Thread-1 (]: Finished running node model.spotify_pipeline.mart_top_artists
[0m14:00:16.644827 [debug] [Thread-1 (]: Began running node model.spotify_pipeline.mart_top_tracks
[0m14:00:16.645287 [info ] [Thread-1 (]: 4 of 4 START sql table model analytics.mart_top_tracks ......................... [RUN]
[0m14:00:16.645757 [debug] [Thread-1 (]: Re-using an available connection from the pool (formerly model.spotify_pipeline.mart_top_artists, now model.spotify_pipeline.mart_top_tracks)
[0m14:00:16.646088 [debug] [Thread-1 (]: Began compiling node model.spotify_pipeline.mart_top_tracks
[0m14:00:16.648322 [debug] [Thread-1 (]: Writing injected SQL for node "model.spotify_pipeline.mart_top_tracks"
[0m14:00:16.649356 [debug] [Thread-1 (]: Began executing node model.spotify_pipeline.mart_top_tracks
[0m14:00:16.651993 [debug] [Thread-1 (]: Writing runtime sql for node "model.spotify_pipeline.mart_top_tracks"
[0m14:00:16.653148 [debug] [Thread-1 (]: Using postgres connection "model.spotify_pipeline.mart_top_tracks"
[0m14:00:16.653479 [debug] [Thread-1 (]: On model.spotify_pipeline.mart_top_tracks: BEGIN
[0m14:00:16.653793 [debug] [Thread-1 (]: Opening a new connection, currently in state closed
[0m14:00:16.658395 [debug] [Thread-1 (]: SQL status: BEGIN in 0.005 seconds
[0m14:00:16.658697 [debug] [Thread-1 (]: Using postgres connection "model.spotify_pipeline.mart_top_tracks"
[0m14:00:16.659013 [debug] [Thread-1 (]: On model.spotify_pipeline.mart_top_tracks: /* {"app": "dbt", "dbt_version": "1.8.7", "profile_name": "spotify", "target_name": "dev", "node_id": "model.spotify_pipeline.mart_top_tracks"} */

  
    

  create  table "spotify_db"."analytics"."mart_top_tracks__dbt_tmp"
  
  
    as
  
  (
    WITH ranked AS (
    SELECT
        fetch_date,
        country,
        track_name,
        artist_name,
        popularity,
        ROW_NUMBER() OVER (PARTITION BY country, fetch_date ORDER BY popularity DESC) AS rank
    FROM "spotify_db"."analytics"."stg_tracks"
)
SELECT *
FROM ranked
WHERE rank <= 10
ORDER BY fetch_date DESC, country, rank
  );
  
[0m14:00:16.665909 [debug] [Thread-1 (]: SQL status: SELECT 50 in 0.007 seconds
[0m14:00:16.668913 [debug] [Thread-1 (]: Using postgres connection "model.spotify_pipeline.mart_top_tracks"
[0m14:00:16.669279 [debug] [Thread-1 (]: On model.spotify_pipeline.mart_top_tracks: /* {"app": "dbt", "dbt_version": "1.8.7", "profile_name": "spotify", "target_name": "dev", "node_id": "model.spotify_pipeline.mart_top_tracks"} */
alter table "spotify_db"."analytics"."mart_top_tracks" rename to "mart_top_tracks__dbt_backup"
[0m14:00:16.669925 [debug] [Thread-1 (]: SQL status: ALTER TABLE in 0.000 seconds
[0m14:00:16.671931 [debug] [Thread-1 (]: Using postgres connection "model.spotify_pipeline.mart_top_tracks"
[0m14:00:16.672242 [debug] [Thread-1 (]: On model.spotify_pipeline.mart_top_tracks: /* {"app": "dbt", "dbt_version": "1.8.7", "profile_name": "spotify", "target_name": "dev", "node_id": "model.spotify_pipeline.mart_top_tracks"} */
alter table "spotify_db"."analytics"."mart_top_tracks__dbt_tmp" rename to "mart_top_tracks"
[0m14:00:16.673157 [debug] [Thread-1 (]: SQL status: ALTER TABLE in 0.001 seconds
[0m14:00:16.674425 [debug] [Thread-1 (]: On model.spotify_pipeline.mart_top_tracks: COMMIT
[0m14:00:16.674793 [debug] [Thread-1 (]: Using postgres connection "model.spotify_pipeline.mart_top_tracks"
[0m14:00:16.675184 [debug] [Thread-1 (]: On model.spotify_pipeline.mart_top_tracks: COMMIT
[0m14:00:16.675970 [debug] [Thread-1 (]: SQL status: COMMIT in 0.000 seconds
[0m14:00:16.677852 [debug] [Thread-1 (]: Applying DROP to: "spotify_db"."analytics"."mart_top_tracks__dbt_backup"
[0m14:00:16.678477 [debug] [Thread-1 (]: Using postgres connection "model.spotify_pipeline.mart_top_tracks"
[0m14:00:16.678801 [debug] [Thread-1 (]: On model.spotify_pipeline.mart_top_tracks: /* {"app": "dbt", "dbt_version": "1.8.7", "profile_name": "spotify", "target_name": "dev", "node_id": "model.spotify_pipeline.mart_top_tracks"} */
drop table if exists "spotify_db"."analytics"."mart_top_tracks__dbt_backup" cascade
[0m14:00:16.680255 [debug] [Thread-1 (]: SQL status: DROP TABLE in 0.001 seconds
[0m14:00:16.681250 [debug] [Thread-1 (]: On model.spotify_pipeline.mart_top_tracks: Close
[0m14:00:16.681933 [debug] [Thread-1 (]: Sending event: {'category': 'dbt', 'action': 'run_model', 'label': '123f3335-2b0d-4411-8c88-2ac4aceba908', 'context': [<snowplow_tracker.self_describing_json.SelfDescribingJson object at 0xffffa0fe5250>]}
[0m14:00:16.682623 [info ] [Thread-1 (]: 4 of 4 OK created sql table model analytics.mart_top_tracks .................... [[32mSELECT 50[0m in 0.04s]
[0m14:00:16.683793 [debug] [Thread-1 (]: Finished running node model.spotify_pipeline.mart_top_tracks
[0m14:00:16.685242 [debug] [MainThread]: Using postgres connection "master"
[0m14:00:16.685644 [debug] [MainThread]: On master: BEGIN
[0m14:00:16.685912 [debug] [MainThread]: Opening a new connection, currently in state closed
[0m14:00:16.690352 [debug] [MainThread]: SQL status: BEGIN in 0.004 seconds
[0m14:00:16.690932 [debug] [MainThread]: On master: COMMIT
[0m14:00:16.691267 [debug] [MainThread]: Using postgres connection "master"
[0m14:00:16.691572 [debug] [MainThread]: On master: COMMIT
[0m14:00:16.691940 [debug] [MainThread]: SQL status: COMMIT in 0.000 seconds
[0m14:00:16.692216 [debug] [MainThread]: On master: Close
[0m14:00:16.692740 [debug] [MainThread]: Connection 'master' was properly closed.
[0m14:00:16.693135 [debug] [MainThread]: Connection 'model.spotify_pipeline.mart_top_tracks' was properly closed.
[0m14:00:16.693774 [info ] [MainThread]: 
[0m14:00:16.694421 [info ] [MainThread]: Finished running 1 view model, 3 table models in 0 hours 0 minutes and 0.35 seconds (0.35s).
[0m14:00:16.695325 [debug] [MainThread]: Command end result
[0m14:00:16.783335 [info ] [MainThread]: 
[0m14:00:16.784067 [info ] [MainThread]: [32mCompleted successfully[0m
[0m14:00:16.785035 [info ] [MainThread]: 
[0m14:00:16.785666 [info ] [MainThread]: Done. PASS=4 WARN=0 ERROR=0 SKIP=0 TOTAL=4
[0m14:00:16.787124 [debug] [MainThread]: Resource report: {"command_name": "run", "command_success": true, "command_wall_clock_time": 0.88308245, "process_user_time": 1.966872, "process_kernel_time": 0.25759, "process_mem_max_rss": "161520", "process_out_blocks": "1698", "process_in_blocks": "0"}
[0m14:00:16.787688 [debug] [MainThread]: Command `dbt run` succeeded at 14:00:16.787610 after 0.88 seconds
[0m14:00:16.788117 [debug] [MainThread]: Sending event: {'category': 'dbt', 'action': 'invocation', 'label': 'end', 'context': [<snowplow_tracker.self_describing_json.SelfDescribingJson object at 0xffffa74341d0>, <snowplow_tracker.self_describing_json.SelfDescribingJson object at 0xffffa742d1d0>, <snowplow_tracker.self_describing_json.SelfDescribingJson object at 0xffffa74116d0>]}
[0m14:00:16.788461 [debug] [MainThread]: Flushing usage events
